,Country,Beer_Servings,Spirit_Servings,Wine_Servings,Total_L_Pure_Alcohol,Life_Expectancy (LED),Adult_Mortality,BMI,GDP,Population,HDI,Schooling,Region,Happiness_Score,GDP,Social_Support,Life_Expectancy (Happiness),Freedom_Score,Generosity,Corruption_Score,Happiness (Dystopia)
0,Afghanistan,0.0,0.0,0.0,0.0,65.0,263.0,19.1,584.2592099999999,33736494.0,0.479,10.1,South Asia,2.566900015,7.4628605839999995,0.470366955,52.59000015,0.39657300700000003,-0.0964294,0.9336865540000001,1.9723167419999998
1,Albania,89.0,132.0,54.0,4.9,77.8,74.0,58.0,3954.22783,28873.0,0.762,14.2,Central and Eastern Europe,4.882699966000001,9.417930603,0.671070457,68.70813751,0.7819942240000001,-0.042309489000000006,0.896303713,1.9723167419999998
2,Algeria,25.0,0.0,14.0,0.7,75.6,19.0,59.5,4132.76292,39871528.0,0.743,14.4,Middle East and North Africa,5.005099773,9.537964821000001,0.8033851390000001,65.90517426,0.46661090899999996,-0.121105164,0.7354851370000001,1.9723167419999998
3,Andorra,245.0,138.0,312.0,12.4,,,,,,,,,,,,,,,,
4,Angola,217.0,57.0,45.0,5.9,52.4,335.0,23.3,3695.7937479999996,2785935.0,0.531,11.4,,,,,,,,,
5,Antigua & Barbuda,102.0,128.0,45.0,4.9,76.4,13.0,47.7,13566.9541,,0.784,13.9,,,,,,,,,
6,Argentina,193.0,25.0,221.0,8.3,76.3,116.0,62.8,13467.1236,43417765.0,0.826,17.3,Latin America and Caribbean,5.974699974,9.810955048,0.900567949,68.80380249,0.831132412,-0.194913864,0.8420098420000001,1.9723167419999998
7,Armenia,21.0,179.0,11.0,3.8,74.8,118.0,54.9,369.65477599999997,291695.0,0.741,12.7,Commonwealth of Independent States,4.676799774,9.100476265,0.7574794290000001,66.75065613,0.7120178340000001,-0.13877961,0.7735447879999999,1.9723167419999998
8,Australia,261.0,72.0,212.0,10.4,82.8,59.0,66.6,56554.3876,23789338.0,0.937,20.4,North America and ANZ,7.222799778,10.72059631,0.9448546170000001,73.60453796,0.915431738,0.19046016,0.41516912,1.9723167419999998
9,Austria,279.0,75.0,191.0,9.7,81.5,65.0,57.6,43665.947,8633169.0,0.892,15.9,Western Europe,7.294199944,10.7428236,0.9280458690000001,73.00250244,0.899989486,0.085429221,0.49995487899999996,1.9723167419999998
10,Azerbaijan,21.0,46.0,5.0,1.3,72.7,118.0,52.5,55.31381999999999,9649341.0,0.758,12.7,Commonwealth of Independent States,5.164800167,9.687726974,0.819308281,65.50839996,0.786824107,-0.24025528100000001,0.55253756,1.9723167419999998
11,Bahamas,122.0,176.0,51.0,6.3,76.1,147.0,64.5,,,0.79,12.6,,,,,,,,,
12,Bahrain,42.0,63.0,7.0,2.0,76.9,69.0,63.6,22688.878240000002,,0.823,14.5,Middle East and North Africa,6.227300167,10.67638016,0.876342118,68.5,0.905855775,0.13372919,0.7393470999999999,1.9723167419999998
13,Bangladesh,0.0,0.0,0.0,0.0,71.8,129.0,18.3,121.15812,1612886.0,0.575,10.2,South Asia,4.832799911,8.287063599,0.687292993,64.50306702,0.90062499,-0.033664726,0.661843538,1.9723167419999998
14,Barbados,143.0,173.0,36.0,6.3,75.5,98.0,54.5,15557.8381,,0.794,15.3,,,,,,,,,
15,Belarus,142.0,373.0,42.0,14.4,72.3,196.0,62.3,5949.1167700000005,9489616.0,0.7979999999999999,15.6,Commonwealth of Independent States,5.539899826,9.779945374,0.90674746,66.10433197,0.6391630770000001,-0.164926544,0.63571167,1.9723167419999998
16,Belgium,295.0,84.0,212.0,10.5,81.1,74.0,63.7,4356.875,11274196.0,0.895,16.6,Western Europe,6.863500117999999,10.673639300000001,0.911632538,72.00164795,0.813582063,-0.078691199,0.612297952,1.9723167419999998
17,Belize,263.0,114.0,8.0,6.8,71.0,175.0,5.9,4849.9974950000005,359288.0,0.706,12.8,,,,,,,,,
18,Benin,34.0,4.0,13.0,1.1,60.0,249.0,25.7,783.94791,1575952.0,0.48100000000000004,10.7,Sub-Saharan Africa,5.21600008,7.674319744,0.46867114299999996,54.31246567,0.735182583,-0.003537213,0.7405325770000001,1.9723167419999998
19,Bhutan,23.0,0.0,0.0,0.4,69.8,211.0,24.5,2613.645177,787386.0,0.604,12.5,,,,,,,,,
20,Bolivia,167.0,41.0,8.0,3.8,77.0,186.0,52.6,,,0.6709999999999999,13.8,Latin America and Caribbean,5.747499942999999,8.851115227000001,0.803108692,63.6004715,0.875873327,-0.09168113,0.8226062059999999,1.9723167419999998
21,Bosnia-Herzegovina,76.0,173.0,8.0,4.6,77.4,88.0,55.8,4574.9787,3535961.0,0.747,14.2,Central and Eastern Europe,5.674099922000001,9.455817223,0.829204142,67.80813599,0.651352704,0.098274559,0.933769107,1.9723167419999998
22,Botswana,173.0,35.0,35.0,5.4,65.7,256.0,37.9,6532.651,229197.0,0.698,12.6,Sub-Saharan Africa,3.4788999560000002,9.711203575,0.7791217570000001,58.92445374,0.8213281040000001,-0.250394493,0.777930915,1.9723167419999998
23,Brazil,245.0,145.0,16.0,7.2,75.0,142.0,56.1,8757.2622,2596218.0,0.754,15.2,Latin America and Caribbean,6.375599861,9.56643486,0.896723807,66.48016357,0.799804807,-0.10181239199999999,0.7706012729999999,1.9723167419999998
24,Brunei,31.0,2.0,1.0,0.6,77.7,78.0,41.2,3967.8951,,0.8640000000000001,14.9,,,,,,,,,
25,Bulgaria,231.0,252.0,94.0,10.3,74.5,137.0,65.7,6993.477359999999,7177991.0,0.792,15.0,Central and Eastern Europe,5.101500034,9.869318962000001,0.937840343,66.80397797,0.745178163,-0.143908441,0.9355851409999999,1.9723167419999998
26,Burkina Faso,25.0,7.0,7.0,4.3,59.9,26.0,19.4,615.592225,1811624.0,0.39899999999999997,7.7,Sub-Saharan Africa,4.768700123,7.46854496,0.7129436140000001,53.88945389,0.665563583,-0.019080516000000002,0.739795029,1.9723167419999998
27,Burundi,88.0,0.0,0.0,6.3,59.6,288.0,18.7,33.681222999999996,119927.0,0.406,10.6,Sub-Saharan Africa,3.775300026,6.492642403,0.490325719,53.40000153,0.626350224,-0.017551597,0.606934547,1.9723167419999998
28,Ivory Coast,37.0,1.0,7.0,4.0,53.3,397.0,28.0,,,,,Sub-Saharan Africa,5.233300208999999,8.225561142,0.658048689,49.50377274,0.727909327,-0.043991156,0.7907719609999999,1.9723167419999998
29,Cabo Verde,144.0,56.0,16.0,4.0,73.3,114.0,31.3,2954.119467,532913.0,0.6459999999999999,13.5,,,,,,,,,
30,Cambodia,57.0,65.0,1.0,2.2,68.7,174.0,19.6,1163.18977,15517635.0,0.5579999999999999,10.9,Southeast Asia,4.8484001160000005,8.249890327000001,0.773080647,61.52996826,0.9597046379999999,0.051911179,0.8227690459999999,1.9723167419999998
31,Cameroon,147.0,1.0,4.0,5.8,57.3,357.0,29.0,1244.429421,22834522.0,0.514,10.4,Sub-Saharan Africa,5.084899902,8.118647575,0.700386405,52.704940799999996,0.7630518079999999,-0.00149645,0.8513365979999999,1.9723167419999998
32,Canada,240.0,122.0,100.0,8.2,82.2,64.0,67.0,43315.744000000006,3584861.0,0.919,16.3,North America and ANZ,7.23210001,10.69236851,0.927176654,73.60160065,0.9339132309999999,0.124770768,0.390843362,1.9723167419999998
33,Central African Republic,17.0,2.0,1.0,1.8,52.5,397.0,22.7,348.381417,45461.0,0.34700000000000003,7.1,Sub-Saharan Africa,3.475899935,6.625160217,0.31945985600000004,45.20000076,0.640880644,0.082410358,0.891806662,1.9723167419999998
34,Chad,15.0,1.0,1.0,0.4,53.1,356.0,19.1,777.248751,149413.0,0.39399999999999996,7.3,Sub-Saharan Africa,4.422699928,7.467963696,0.632388055,48.22053909,0.587305248,0.017834719,0.8027608390000001,1.9723167419999998
35,Chile,130.0,124.0,172.0,7.6,85.0,82.0,63.8,13653.2264,17762681.0,0.845,16.3,Latin America and Caribbean,6.228499889,10.0320549,0.879713595,69.90061951,0.7448962929999999,-0.065668367,0.838239431,1.9723167419999998
36,China,79.0,192.0,8.0,5.0,76.1,85.0,32.9,869.211938,137122.0,0.7340000000000001,13.5,East Asia,5.123899937,9.688568115,0.798760593,69.2891922,0.898517907,-0.18142575,0.7539710999999999,1.9723167419999998
37,Colombia,159.0,76.0,3.0,4.2,74.8,143.0,57.9,644.5255559999999,48228697.0,0.7240000000000001,13.6,Latin America and Caribbean,6.163400172999999,9.500369072,0.884440243,67.69958496,0.8361799120000001,-0.161235645,0.86457181,1.9723167419999998
38,Comoros,1.0,3.0,1.0,0.1,63.5,227.0,24.2,727.6463868,777424.0,0.498,11.1,Sub-Saharan Africa,4.288599968,7.833630085,0.625662446,57.34901047,0.547612607,0.09000840800000001,0.780622602,1.9723167419999998
39,Congo,76.0,1.0,9.0,1.7,64.7,267.0,27.4,,,0.59,11.1,Sub-Saharan Africa,5.1943998339999995,8.536987305,0.6402280929999999,57.92448044,0.7190585140000001,-0.123674095,0.7517790790000001,1.9723167419999998
40,Congo,76.0,1.0,9.0,1.7,64.7,267.0,27.4,,,0.59,11.1,Sub-Saharan Africa,4.31099987,6.694256306000001,0.6721590159999999,52.90000153,0.700793564,0.083637655,0.809403598,1.9723167419999998
41,Congo,76.0,1.0,9.0,1.7,59.8,258.0,21.6,,,,,Sub-Saharan Africa,5.1943998339999995,8.536987305,0.6402280929999999,57.92448044,0.7190585140000001,-0.123674095,0.7517790790000001,1.9723167419999998
42,Congo,76.0,1.0,9.0,1.7,59.8,258.0,21.6,,,,,Sub-Saharan Africa,4.31099987,6.694256306000001,0.6721590159999999,52.90000153,0.700793564,0.083637655,0.809403598,1.9723167419999998
43,Cook Islands,0.0,254.0,74.0,5.9,,,,,,,,,,,,,,,,
44,Costa Rica,149.0,87.0,11.0,4.4,79.6,95.0,6.5,1146.36273,487852.0,0.775,14.2,Latin America and Caribbean,7.121399879,9.658156395,0.901545942,71.29985046,0.9347389340000001,-0.10242971,0.7863324279999999,1.9723167419999998
45,Croatia,230.0,87.0,254.0,10.2,78.0,95.0,63.7,11579.6674,42364.0,0.823,15.3,Central and Eastern Europe,5.504700184,10.07087517,0.874623716,70.21490479,0.714838803,-0.128538325,0.916495264,1.9723167419999998
46,Cuba,93.0,137.0,5.0,4.2,79.1,92.0,61.4,762.261218,,0.773,13.9,,,,,,,,,
47,Cyprus,192.0,154.0,113.0,8.2,85.0,52.0,6.3,2375.1127,116985.0,0.8540000000000001,14.3,Western Europe,6.15899992,10.40570259,0.8059962390000001,73.70222473,0.7798582909999999,0.043731495999999995,0.8562717440000001,1.9723167419999998
48,Czech Republic,361.0,170.0,134.0,11.8,,,,,,,,Central and Eastern Europe,6.9109001160000005,10.40416336,0.914430678,70.04793549,0.818537354,-0.230861515,0.85844624,1.9723167419999998
49,North Korea,0.0,0.0,0.0,0.0,,,,,,,,,,,,,,,,
50,DR Congo,32.0,3.0,1.0,2.3,,,,,,,,,,,,,,,,
51,Denmark,224.0,81.0,278.0,10.4,86.0,71.0,58.8,5314.64416,5683483.0,0.9229999999999999,19.2,Western Europe,7.645599842,10.77400112,0.955990791,72.40250397,0.9514442679999999,0.06620177599999999,0.168489456,1.9723167419999998
52,Djibouti,15.0,44.0,3.0,1.1,63.5,241.0,35.0,1862.167274,927414.0,0.47,6.3,,,,,,,,,
53,Dominica,52.0,286.0,26.0,6.6,,,,,,,,,,,,,,,,
54,Dominican Republic,193.0,147.0,9.0,6.2,73.9,152.0,58.9,6468.471648,1528394.0,0.718,13.2,Latin America and Caribbean,5.6891999239999995,9.664880753,0.882085383,65.80748749,0.8662027720000001,-0.131263286,0.755999923,1.9723167419999998
55,Ecuador,162.0,74.0,3.0,4.2,76.2,118.0,54.2,625.62224,16144368.0,0.7390000000000001,14.0,Latin America and Caribbean,5.925199986,9.246058463999999,0.836418986,68.50003815,0.8598289490000001,-0.127014965,0.8012151120000001,1.9723167419999998
56,Egypt,6.0,4.0,1.0,0.2,79.0,159.0,61.1,,,0.688,13.1,Middle East and North Africa,4.151400089,9.316541672,0.7354478240000001,61.78015137,0.708354175,-0.196878314,0.787726879,1.9723167419999998
57,El Salvador,52.0,69.0,2.0,2.2,73.5,178.0,56.1,4127.11775,6312478.0,0.6779999999999999,13.2,Latin America and Caribbean,6.34829998,8.909075737,0.8060922620000001,66.10826111,0.833805263,-0.12107297800000001,0.754319906,1.9723167419999998
58,Equatorial Guinea,92.0,0.0,233.0,5.8,58.2,32.0,24.5,1347.3125699999998,1175389.0,0.5820000000000001,9.2,,,,,,,,,
59,Eritrea,18.0,0.0,0.0,0.5,64.7,255.0,18.6,,,0.418,5.0,,,,,,,,,
60,Estonia,224.0,194.0,59.0,9.5,77.6,119.0,59.9,1774.9291,131547.0,0.863,16.5,Central and Eastern Europe,6.0218000410000005,10.34001732,0.9347299929999999,68.60495758,0.87770915,-0.111697771,0.623073816,1.9723167419999998
61,Ethiopia,20.0,3.0,0.0,0.7,64.8,225.0,17.6,645.4637627000001,9987333.0,0.441,8.4,Sub-Saharan Africa,4.186200142,7.5093855860000005,0.743307352,58.63959122,0.740795195,0.043377332000000005,0.7536900040000001,1.9723167419999998
62,Fiji,77.0,35.0,1.0,2.0,69.9,188.0,62.7,4921.89629,892149.0,0.7340000000000001,15.3,,,,,,,,,
63,Finland,263.0,133.0,97.0,10.0,81.1,76.0,62.1,4245.39744,5479531.0,0.893,17.0,Western Europe,7.808700085,10.63926697,0.954329729,71.9008255,0.949172199,-0.059482019000000004,0.19544458399999998,1.9723167419999998
64,France,127.0,151.0,370.0,11.8,82.4,78.0,62.5,36526.7711,6662468.0,0.894,16.3,Western Europe,6.663799762999999,10.58422279,0.937103748,73.80193329,0.8254676459999999,-0.130641967,0.583521128,1.9723167419999998
65,Gabon,347.0,98.0,59.0,8.9,66.0,229.0,36.3,7388.984144,193175.0,0.6940000000000001,12.6,Sub-Saharan Africa,4.829299927,9.680537224,0.787886858,59.71533966,0.7048292159999999,-0.22226162300000002,0.8491509559999999,1.9723167419999998
66,Gambia,8.0,0.0,1.0,2.4,61.1,262.0,27.3,,,0.45,8.9,Sub-Saharan Africa,4.750599861,7.321814537000001,0.6931687,55.01201629999999,0.733163178,0.34319871700000004,0.6907178159999999,1.9723167419999998
67,Georgia,52.0,100.0,149.0,5.4,74.4,129.0,56.2,3764.6491200000005,37171.0,0.768,13.9,Commonwealth of Independent States,4.672599792,9.226100922,0.629033029,64.49520874,0.8016415240000001,-0.22892037,0.665944695,1.9723167419999998
68,Germany,346.0,117.0,175.0,11.3,81.0,68.0,62.3,41176.88158,81686611.0,0.924,17.1,Western Europe,7.075799942000001,10.7328186,0.898874462,72.20201874,0.867371082,0.08017938599999999,0.456422031,1.9723167419999998
69,Ghana,31.0,3.0,10.0,1.8,62.4,249.0,28.6,1361.11395,27582821.0,0.575,11.4,Sub-Saharan Africa,5.1479997630000005,8.350645065,0.728601098,57.20398712,0.794796526,0.09417085300000001,0.8479647640000001,1.9723167419999998
70,Greece,133.0,112.0,218.0,8.3,81.0,72.0,66.5,187.78991000000002,182883.0,0.865,17.2,Western Europe,5.514999866,10.13232613,0.8143803479999999,72.40525818,0.5413451189999999,-0.30090737300000003,0.8599314090000001,1.9723167419999998
71,Grenada,199.0,438.0,28.0,11.9,73.6,142.0,48.4,9212.192824,,0.7509999999999999,15.8,,,,,,,,,
72,Guatemala,53.0,69.0,2.0,2.2,71.9,186.0,5.6,3923.573344,16252429.0,0.637,10.7,Latin America and Caribbean,6.398900032,8.924805641,0.8166214820000001,64.8089447,0.9081475729999999,-0.042938665,0.783237457,1.9723167419999998
73,Guinea,9.0,0.0,2.0,0.2,59.0,284.0,23.3,554.48766,1291533.0,0.414,8.8,Sub-Saharan Africa,4.949299812,7.750990391,0.637573481,54.46780014,0.7068467740000001,0.076328471,0.761794448,1.9723167419999998
74,Guinea-Bissau,28.0,31.0,21.0,2.5,58.9,275.0,26.3,596.8717188999999,177526.0,0.42100000000000004,9.2,,,,,,,,,
75,Guyana,93.0,302.0,1.0,7.1,66.2,215.0,46.7,4136.6899189999995,768514.0,0.638,10.3,,,,,,,,,
76,Haiti,1.0,326.0,1.0,5.9,63.5,24.0,49.9,814.5463952,171161.0,0.49,9.1,Latin America and Caribbean,3.720799923,7.411329268999999,0.593247831,55.59862518,0.537825167,0.40053457,0.6847672459999999,1.9723167419999998
77,Honduras,69.0,98.0,2.0,3.0,74.6,147.0,51.0,2326.1585600000003,896829.0,0.623,11.2,Latin America and Caribbean,5.953199862999999,8.424534798,0.821870148,67.19876862,0.870603263,0.086969115,0.801131904,1.9723167419999998
78,Hungary,234.0,215.0,185.0,11.3,75.8,134.0,64.8,12365.6263,984328.0,0.8340000000000001,15.6,Central and Eastern Europe,6.000400066,10.24924374,0.921934128,67.60997009,0.718964577,-0.19432301800000001,0.892916501,1.9723167419999998
79,Iceland,233.0,61.0,78.0,6.6,82.7,49.0,61.0,5734.4436,33815.0,0.919,19.0,Western Europe,7.504499912000001,10.77255917,0.9746695759999999,73.0,0.948891878,0.246944219,0.7117097379999999,1.9723167419999998
80,India,9.0,114.0,0.0,2.2,68.3,181.0,18.7,1613.1887800000002,1395398.0,0.615,11.6,South Asia,3.573299885,8.849823952000001,0.592200935,60.21518707,0.8814448709999999,0.057551607000000005,0.772042692,1.9723167419999998
81,Indonesia,5.0,1.0,0.0,0.1,69.1,176.0,27.4,3336.1668600000003,258162113.0,0.6859999999999999,12.9,Southeast Asia,5.285600185,9.36975193,0.808379889,62.15584946,0.8706144090000001,0.519586504,0.876296401,1.9723167419999998
82,Iran,0.0,0.0,0.0,0.0,75.5,83.0,59.7,,,0.774,14.8,Middle East and North Africa,4.672399998,9.813719749,0.6946896909999999,66.00614929,0.647873282,0.11789110300000001,0.714635968,1.9723167419999998
83,Iraq,9.0,3.0,0.0,0.2,68.9,182.0,59.1,4974.2693,36115649.0,0.649,10.1,Middle East and North Africa,4.7848000530000006,9.661095619,0.7476949690000001,59.90354919,0.633182645,-0.06956476,0.82226181,1.9723167419999998
84,Ireland,313.0,118.0,165.0,11.4,81.4,64.0,62.8,6664.144,4676835.0,0.92,18.6,Western Europe,7.093699932000001,11.16097832,0.9420815709999999,72.30078888,0.8869829770000001,0.145784974,0.357184172,1.9723167419999998
85,Israel,63.0,69.0,9.0,2.5,82.5,58.0,64.9,35729.37253,8381.0,0.898,16.0,Middle East and North Africa,7.128600121,10.41752529,0.913571239,73.20025635,0.7475805879999999,0.10259372,0.78085506,1.9723167419999998
86,Italy,85.0,42.0,237.0,6.5,82.7,56.0,63.6,349.14755,673582.0,0.8809999999999999,16.3,Western Europe,6.38740015,10.48183632,0.8898785709999999,73.60168457,0.66465199,-0.04346099900000001,0.873404682,1.9723167419999998
87,Jamaica,82.0,97.0,9.0,3.4,76.2,125.0,54.2,4965.9898570000005,2871934.0,0.7290000000000001,12.8,Latin America and Caribbean,5.889800072000001,9.006250381000001,0.9157018659999999,67.09999847,0.8580685259999999,-0.12510676699999998,0.8888900279999999,1.9723167419999998
88,Japan,77.0,202.0,16.0,7.0,83.7,55.0,29.0,34474.13736,127141.0,0.902,15.3,East Asia,5.870800018,10.57968903,0.883545935,75.00096893,0.8099613790000001,-0.24691034899999997,0.654558063,1.9723167419999998
89,Jordan,6.0,21.0,1.0,0.5,74.1,112.0,65.6,496.99275,915932.0,0.741,13.1,Middle East and North Africa,4.6333999630000005,9.025999069,0.80216372,66.79975128,0.75104779,-0.162565202,0.700344324,1.9723167419999998
90,Kazakhstan,124.0,246.0,12.0,6.8,72.0,198.0,53.1,159.9817,17544126.0,0.7929999999999999,15.0,Commonwealth of Independent States,6.0578999520000005,10.11465836,0.934744895,64.60996246,0.811601937,-0.068488635,0.7644908429999999,1.9723167419999998
91,Kenya,58.0,22.0,2.0,1.8,63.4,249.0,22.0,1349.97144,47236259.0,0.55,11.1,Sub-Saharan Africa,4.583000183,8.02977562,0.702652037,60.09693146,0.829747558,0.294681519,0.831499159,1.9723167419999998
92,Kiribati,21.0,34.0,1.0,1.0,66.3,198.0,77.6,1424.4836109999999,11247.0,0.586,11.9,,,,,,,,,
93,Kuwait,0.0,0.0,0.0,0.0,74.7,81.0,71.4,28975.417999999998,,0.799,13.3,Middle East and North Africa,6.102099895,11.08982468,0.8464752440000001,66.76764679,0.8723664879999999,-0.100184701,0.7608490590000001,1.9723167419999998
94,Kyrgyzstan,31.0,97.0,6.0,2.4,71.1,166.0,44.9,,,0.662,13.0,Commonwealth of Independent States,5.541500092000001,8.148405075,0.8872284890000001,64.10601044,0.909374893,0.15477205800000002,0.888396084,1.9723167419999998
95,Laos,62.0,0.0,123.0,6.2,65.7,194.0,21.7,,,0.5820000000000001,10.8,Southeast Asia,4.888599873,8.79858017,0.7375022170000001,58.70992279,0.907213569,0.11137148,0.634679317,1.9723167419999998
96,Latvia,281.0,216.0,62.0,10.5,74.6,153.0,61.2,13666.583359999999,1977527.0,0.828,16.0,Central and Eastern Europe,5.9499998089999995,10.17531967,0.9182885890000001,66.8074646,0.671237648,-0.186888844,0.7955800890000001,1.9723167419999998
97,Lebanon,20.0,55.0,31.0,1.9,74.9,98.0,66.1,846.632851,5851479.0,0.763,13.3,Middle East and North Africa,4.771500111,9.3617239,0.824338138,67.10658264,0.5513575079999999,-0.06121527,0.90225625,1.9723167419999998
98,Lesotho,82.0,29.0,0.0,2.8,53.7,484.0,32.6,173.82893,2174645.0,0.495,10.7,Sub-Saharan Africa,3.6528000830000003,7.9604883189999995,0.7804957029999999,48.00362396,0.738125861,-0.145732045,0.857392073,1.9723167419999998
99,Liberia,19.0,152.0,2.0,3.1,61.4,259.0,27.3,452.38717,4499621.0,0.42700000000000005,9.9,Sub-Saharan Africa,4.557899952,7.054380417000001,0.70928055,56.09631348,0.735268712,0.04227322,0.8563759329999999,1.9723167419999998
100,Libya,0.0,0.0,0.0,0.0,72.7,138.0,64.8,,,0.7190000000000001,13.4,Middle East and North Africa,5.488800049,9.789815903,0.8259429340000001,62.29999924,0.773157001,-0.085054487,0.668779135,1.9723167419999998
101,Lithuania,343.0,244.0,56.0,12.9,73.6,165.0,62.4,14252.428530000001,29491.0,0.846,16.5,Central and Eastern Europe,6.215499877999999,10.34362602,0.926107109,67.29407501,0.747381449,-0.21972529600000001,0.809583843,1.9723167419999998
102,Luxembourg,236.0,133.0,271.0,11.4,82.0,63.0,61.3,1199.8223,56964.0,0.8959999999999999,13.9,Western Europe,7.2375001910000005,11.45068073,0.9069122079999999,72.59999847,0.90563643,-0.004620588,0.367084295,1.9723167419999998
103,Madagascar,26.0,15.0,4.0,0.8,65.5,22.0,2.5,41.8575951,2423488.0,0.511,10.3,Sub-Saharan Africa,4.165599823,7.281685829,0.668195903,59.10542679,0.5575740929999999,-0.011823638999999999,0.8174856309999999,1.9723167419999998
104,Malawi,8.0,11.0,1.0,1.5,58.3,365.0,19.6,362.65754439999995,1757367.0,0.473,10.8,Sub-Saharan Africa,3.538000107,7.062226295,0.544007301,57.59288788,0.803223193,0.021433279,0.731700778,1.9723167419999998
105,Malaysia,13.0,4.0,0.0,0.3,75.0,123.0,4.6,9643.644683,3723155.0,0.787,13.1,Southeast Asia,5.384300232,10.26251888,0.816509426,67.10215759,0.8946268559999999,0.11472679699999999,0.8393023009999999,1.9723167419999998
106,Maldives,0.0,0.0,0.0,0.0,78.5,61.0,27.4,8395.785198,49163.0,0.701,12.7,South Asia,5.197599888,9.518632889,0.91316092,70.59999847,0.8539627790000001,0.038085497999999995,0.824211061,1.9723167419999998
107,Mali,5.0,1.0,1.0,0.6,58.2,266.0,23.8,729.725338,1746795.0,0.43799999999999994,8.4,Sub-Saharan Africa,4.729300021999999,7.629852295,0.7314689759999999,51.72698212,0.71156615,-0.044366925999999994,0.839328408,1.9723167419999998
108,Malta,149.0,100.0,120.0,6.6,81.7,54.0,69.6,23819.4636,431874.0,0.853,14.6,Western Europe,6.772799968999999,10.53383827,0.93037951,72.19999695,0.9249114390000001,0.214965805,0.658547282,1.9723167419999998
109,Marshall Islands,0.0,0.0,0.0,0.0,,,,,,,,,,,,,,,,
110,Mauritania,0.0,0.0,0.0,0.0,63.1,25.0,3.8,1158.256469,4182341.0,0.513,8.5,Sub-Saharan Africa,4.374599934,8.233919144,0.7908192279999999,57.01017761,0.551522553,-0.10600814199999999,0.746223509,1.9723167419999998
111,Mauritius,98.0,31.0,18.0,2.6,74.6,146.0,33.3,9252.117240000001,126265.0,0.779,15.2,Sub-Saharan Africa,6.101299762999999,9.956786156,0.910357833,66.40434265,0.889534533,-0.018318573,0.8053430909999999,1.9723167419999998
112,Mexico,238.0,68.0,5.0,5.5,76.7,122.0,63.5,9143.128494,12589949.0,0.758,13.3,Latin America and Caribbean,6.465000152999999,9.797797203,0.8386654259999999,68.29902649,0.8587092759999999,-0.175266623,0.806821585,1.9723167419999998
113,Micronesia,62.0,50.0,18.0,2.3,69.4,166.0,69.4,,,0.637,11.7,,,,,,,,,
114,Monaco,0.0,0.0,0.0,0.0,,,,,,,,,,,,,,,,
115,Mongolia,77.0,189.0,8.0,4.9,68.8,222.0,52.7,3944.1839,2976877.0,0.733,14.8,East Asia,5.4562001229999995,9.412186623,0.9371424909999999,62.30448532,0.693351328,0.09809386699999999,0.863511205,1.9723167419999998
116,Montenegro,31.0,114.0,128.0,4.9,76.1,16.0,61.8,6461.192554,622159.0,0.804,15.1,Central and Eastern Europe,5.54610014,9.751860619,0.855314612,68.50534821,0.649565637,-0.075600356,0.7831215859999999,1.9723167419999998
117,Morocco,12.0,6.0,10.0,0.5,74.3,95.0,58.5,2847.285569,3483322.0,0.645,12.1,Middle East and North Africa,5.094799995,8.940313339,0.5926284789999999,65.89624023,0.772072434,-0.240377247,0.8157246109999999,1.9723167419999998
118,Mozambique,47.0,18.0,5.0,1.3,57.6,355.0,22.6,528.3125597,281691.0,0.414,9.1,Sub-Saharan Africa,4.623600006,7.069345951,0.723874032,54.20582199,0.864451885,0.032375867999999995,0.683019102,1.9723167419999998
119,Myanmar,5.0,1.0,0.0,0.1,66.6,199.0,23.8,1194.5913699999999,5243669.0,0.552,9.1,Southeast Asia,4.308000088,8.680481911000001,0.78440702,58.96171188,0.895075202,0.560663998,0.645124316,1.9723167419999998
120,Namibia,376.0,3.0,1.0,6.8,65.8,248.0,35.7,4737.66996,2425561.0,0.637,11.7,Sub-Saharan Africa,4.571100235,9.203141212,0.846880972,56.50148773,0.767520964,-0.18530646,0.8514497879999999,1.9723167419999998
121,Nauru,49.0,0.0,8.0,1.0,,,,,,,,,,,,,,,,
122,Nepal,5.0,6.0,0.0,0.2,69.2,165.0,19.1,743.7653489,28656282.0,0.555,12.2,South Asia,5.137199879,7.925357342000001,0.785512447,63.77917862,0.797565043,0.154168829,0.7380991579999999,1.9723167419999998
123,Netherlands,251.0,88.0,190.0,9.4,81.9,57.0,62.1,44292.88473,16939923.0,0.9229999999999999,18.1,Western Europe,7.448900223,10.81271172,0.93913883,72.30091858,0.908547819,0.20761244,0.364717126,1.9723167419999998
124,New Zealand,203.0,79.0,175.0,9.3,81.6,66.0,67.5,3821.8937,,0.9129999999999999,19.2,North America and ANZ,7.2996001239999995,10.50094318,0.9491189720000001,73.20262909,0.9362174870000001,0.191598073,0.22113885,1.9723167419999998
125,Nicaragua,78.0,118.0,1.0,3.5,74.8,145.0,54.0,295.96648799999997,68235.0,0.642,11.7,Latin America and Caribbean,6.13710022,8.493160247999999,0.8574970359999999,67.50717926,0.8639028670000001,0.020959141,0.665950119,1.9723167419999998
126,Niger,3.0,2.0,1.0,0.1,61.8,22.0,19.3,358.99731,19896965.0,0.35100000000000003,5.4,Sub-Saharan Africa,4.909599781,6.842166901000001,0.617435038,53.50009537,0.759772122,0.013860817,0.722530186,1.9723167419999998
127,Nigeria,42.0,5.0,2.0,9.1,54.5,344.0,25.4,2655.157977,181181744.0,0.525,10.0,Sub-Saharan Africa,4.724100113,8.57662487,0.73721689,49.86190796,0.759578407,0.033745807,0.861874342,1.9723167419999998
128,Niue,188.0,200.0,7.0,7.0,,,,,,,,,,,,,,,,
129,Norway,169.0,71.0,129.0,6.7,81.8,59.0,61.2,7455.246540000001,518867.0,0.948,17.7,Western Europe,7.487999916000001,11.08780384,0.952486575,73.20078278,0.955750287,0.13453263,0.26321819399999996,1.9723167419999998
130,Oman,22.0,16.0,1.0,0.7,76.6,99.0,54.6,16627.36433,,0.795,13.7,,,,,,,,,
131,Pakistan,0.0,0.0,0.0,0.0,66.4,161.0,25.4,1431.2448650000001,18938513.0,0.5479999999999999,8.1,South Asia,5.69329977,8.482727051,0.689062297,58.25313568,0.734833717,0.04489987,0.7457054259999999,1.9723167419999998
132,Palau,306.0,63.0,23.0,6.9,,,,,,,,,,,,,,,,
133,Panama,285.0,104.0,18.0,7.2,77.8,118.0,57.8,13134.4367,3969249.0,0.785,13.0,Latin America and Caribbean,6.304800033999999,10.03423405,0.902094483,69.60301208,0.880366504,-0.153927714,0.851588905,1.9723167419999998
134,Papua New Guinea,44.0,39.0,1.0,1.5,62.9,275.0,48.6,,7919825.0,0.515,10.0,,,,,,,,,
135,Paraguay,213.0,117.0,74.0,7.3,74.0,146.0,5.2,419.367724,6639119.0,0.6920000000000001,12.3,Latin America and Caribbean,5.6921000479999995,9.389982224,0.8987278940000001,65.63993835,0.885923445,0.007997713,0.8347885009999999,1.9723167419999998
136,Peru,163.0,160.0,21.0,6.1,75.5,123.0,55.6,63.343258999999996,31376671.0,0.737,13.4,Latin America and Caribbean,5.796800137000001,9.456313133,0.8310752509999999,68.10023499,0.8247660990000001,-0.16238822,0.8937149640000001,1.9723167419999998
137,Philippines,71.0,186.0,1.0,4.6,68.5,211.0,25.4,2878.33837,11716359.0,0.679,11.7,Southeast Asia,6.006000042,8.993545532,0.8467300529999999,61.92676163,0.915463448,-0.105463006,0.7336341140000001,1.9723167419999998
138,Poland,343.0,215.0,56.0,10.9,77.5,117.0,61.7,12565.9876,37986412.0,0.852,16.4,Central and Eastern Europe,6.1862998010000005,10.26512432,0.874257445,69.31113434,0.8620557790000001,-0.205084071,0.6869270209999999,1.9723167419999998
139,Portugal,194.0,67.0,339.0,11.0,81.1,76.0,61.6,1922.681,135876.0,0.841,16.6,Western Europe,5.9109001160000005,10.26374245,0.8865907190000001,72.40202332,0.8887478109999999,-0.220714301,0.8926295040000001,1.9723167419999998
140,Qatar,1.0,42.0,7.0,0.9,78.2,68.0,69.3,66346.52267,,0.855,13.4,,,,,,,,,
141,South Korea,140.0,16.0,9.0,9.8,82.3,64.0,31.7,,,,,East Asia,5.872399807000001,10.51056671,0.7993871570000001,73.60272979999999,0.6129651070000001,-0.043404032,0.789067447,1.9723167419999998
142,Moldova,109.0,226.0,18.0,6.3,72.1,157.0,53.4,,,,,Commonwealth of Independent States,5.607500076,8.776714325,0.843313575,65.01301575,0.721609175,-0.037741039,0.913314283,1.9723167419999998
143,Romania,297.0,122.0,167.0,10.4,75.0,133.0,6.7,8958.788593000001,19815481.0,0.7979999999999999,14.7,Central and Eastern Europe,6.123700142000001,10.107584,0.8251615170000001,67.20723724,0.842823207,-0.19781521,0.9343002440000001,1.9723167419999998
144,Russia,247.0,326.0,73.0,11.5,75.0,222.0,6.5,9329.298351000001,1449687.0,0.805,15.0,Commonwealth of Independent States,5.546000004,10.12887192,0.903150737,64.10045624,0.729892612,-0.151153743,0.864802599,1.9723167419999998
145,Rwanda,43.0,2.0,0.0,6.8,66.1,227.0,21.4,71.34839699999999,11629553.0,0.493,10.8,Sub-Saharan Africa,3.312299967,7.600104332000001,0.54083544,61.09884644,0.9005894059999999,0.055483952,0.183541179,1.9723167419999998
146,St. Kitts & Nevis,194.0,205.0,32.0,7.7,,,,,,,,,,,,,,,,
147,St. Lucia,171.0,315.0,71.0,10.1,75.2,138.0,47.5,,,0.735,13.1,,,,,,,,,
148,St. Vincent & the Grenadines,120.0,221.0,11.0,6.3,73.2,156.0,54.1,,,0.72,13.3,,,,,,,,,
149,Samoa,105.0,18.0,24.0,2.6,74.0,125.0,74.7,4149.363444,193759.0,0.7020000000000001,12.9,,,,,,,,,
150,San Marino,0.0,0.0,0.0,0.0,,,,,,,,,,,,,,,,
151,Sao Tome & Principe,56.0,38.0,140.0,4.2,67.5,19.0,3.9,1624.6396300000001,195553.0,0.565,11.2,,,,,,,,,
152,Saudi Arabia,0.0,5.0,0.0,0.1,74.5,88.0,68.2,2732.86172,,0.845,16.1,Middle East and North Africa,6.406499863,10.79781246,0.874067068,66.30514526,0.854191244,-0.16869506199999998,0.682619512,1.9723167419999998
153,Senegal,9.0,1.0,7.0,0.3,66.7,188.0,24.3,98.7256145,14976994.0,0.491,9.5,Sub-Saharan Africa,4.980800152,8.118982315,0.723616004,59.59915161,0.6905961629999999,-0.052335154,0.808785141,1.9723167419999998
154,Serbia,283.0,131.0,127.0,9.6,75.6,121.0,6.0,5237.255334,795383.0,0.775,14.4,Central and Eastern Europe,5.77820015,9.680980682000001,0.881475747,68.21020508,0.726495862,-0.073676221,0.843509018,1.9723167419999998
155,Seychelles,157.0,25.0,51.0,4.1,73.2,168.0,37.4,1539.464,93419.0,0.7809999999999999,14.1,,,,,,,,,
156,Sierra Leone,25.0,3.0,2.0,6.7,51.0,413.0,24.4,587.538233,723725.0,0.431,9.5,Sub-Saharan Africa,3.926399946,7.26880312,0.636142015,50.86514282,0.715315044,0.088660747,0.861330688,1.9723167419999998
157,Singapore,60.0,12.0,11.0,1.5,83.1,55.0,33.2,53629.737460000004,,0.924,15.4,Southeast Asia,6.377099991000001,11.39552116,0.9102689620000001,76.80458069,0.926645339,0.029879224,0.109784193,1.9723167419999998
158,Slovakia,196.0,293.0,116.0,11.4,76.7,19.0,59.1,,,0.8420000000000001,15.0,Central and Eastern Europe,6.280600071,10.34774971,0.9224937559999999,68.90634155,0.7499526740000001,-0.12440930300000001,0.918096125,1.9723167419999998
159,Slovenia,270.0,51.0,276.0,10.6,88.0,74.0,6.1,2729.8638300000002,263531.0,0.888,17.3,Central and Eastern Europe,6.363399982000001,10.39232254,0.939575672,71.1029892,0.936142623,-0.080603383,0.817071021,1.9723167419999998
160,Solomon Islands,56.0,11.0,1.0,1.2,69.2,177.0,5.5,1922.41388,587482.0,0.514,9.6,,,,,,,,,
161,Somalia,0.0,0.0,0.0,0.0,55.0,312.0,24.3,426.98537000000005,,,,,,,,,,,,
162,South Africa,225.0,76.0,81.0,8.2,62.9,328.0,51.1,5769.77258,5511976.68,0.665,13.0,Sub-Saharan Africa,4.814099789,9.403370857,0.8525322679999999,56.50601196,0.7593300940000001,-0.10977732400000001,0.843423843,1.9723167419999998
163,Spain,284.0,157.0,112.0,10.0,82.8,56.0,66.6,25683.84565,46447697.0,0.882,17.7,Western Europe,6.4008998870000005,10.46292686,0.921125412,74.40270996,0.751989543,-0.050961714000000005,0.765859902,1.9723167419999998
164,Sri Lanka,16.0,104.0,0.0,2.2,,,,,,,,South Asia,4.327000141,9.389969826,0.825374067,67.20006561,0.837633669,0.081129618,0.859001756,1.9723167419999998
165,Sudan,8.0,13.0,0.0,1.7,64.1,225.0,,2513.884661,3864783.0,0.488,7.2,,,,,,,,,
166,Suriname,128.0,178.0,7.0,5.6,71.6,176.0,58.3,8818.982565999999,55328.0,0.723,12.7,,,,,,,,,
167,Swaziland,90.0,2.0,2.0,4.7,58.9,373.0,32.3,3136.92511,131911.0,0.541,11.4,Sub-Saharan Africa,4.3081002239999995,9.16267395,0.7702901959999999,51.18823624,0.646822274,-0.19920142,0.708263338,1.9723167419999998
168,Sweden,152.0,60.0,186.0,7.2,82.4,53.0,59.5,5585.258470000001,9799186.0,0.909,15.9,Western Europe,7.353499889,10.75879383,0.926311195,72.60076904,0.939144194,0.111614622,0.250880182,1.9723167419999998
169,Switzerland,185.0,100.0,280.0,10.2,83.4,49.0,57.4,8989.8424,8282396.0,0.938,16.0,Western Europe,7.559899807000001,10.97993279,0.942846596,74.10244751,0.921336651,0.105911039,0.303728431,1.9723167419999998
170,Syria,5.0,35.0,16.0,1.0,64.5,293.0,57.1,,18734987.0,0.5529999999999999,9.0,,,,,,,,,
171,Tajikistan,2.0,15.0,0.0,0.3,69.7,161.0,4.7,918.6771543,8548651.0,0.625,11.3,Commonwealth of Independent States,5.555699825,8.024810791,0.835297108,64.10459137,0.831383407,-0.025088511,0.5920760629999999,1.9723167419999998
172,Thailand,99.0,258.0,1.0,6.4,74.9,148.0,33.6,5814.863134,686576.0,0.738,13.6,Southeast Asia,5.9987998010000005,9.741791725,0.8899732229999999,67.25059509,0.905063033,0.268685192,0.8862723109999999,1.9723167419999998
173,Macedonia,106.0,27.0,86.0,3.9,75.7,12.0,6.3,,,0.746,12.9,Central and Eastern Europe,5.1598000530000006,9.510591507000001,0.820392311,67.50442505,0.738840938,-0.019877451,0.8974905009999999,1.9723167419999998
174,Timor-Leste,1.0,1.0,4.0,0.1,68.3,152.0,17.4,1161.76935,124977.0,0.603,12.5,,,,,,,,,
175,Togo,36.0,2.0,19.0,1.3,59.9,287.0,24.3,551.138346,741682.0,0.484,12.0,Sub-Saharan Africa,4.187200069,7.357711315,0.551312625,54.71989822,0.6498286129999999,0.002667875,0.7577334640000001,1.9723167419999998
176,Tonga,36.0,21.0,5.0,1.1,73.5,133.0,75.2,493.775387,16364.0,0.718,14.3,,,,,,,,,
177,Trinidad & Tobago,197.0,156.0,7.0,6.4,71.2,17.0,47.1,17321.833730000002,13692.0,0.779,12.7,Latin America and Caribbean,6.1918997760000005,10.26000214,0.91529417,63.5,0.8579071159999999,0.000526841,0.9122306109999999,1.9723167419999998
178,Tunisia,51.0,3.0,20.0,1.3,75.3,1.0,61.2,3828.9158899999998,11273661.0,0.723,14.6,Middle East and North Africa,4.392199993,9.314972877999999,0.6887185570000001,66.89785767,0.593361557,-0.216413811,0.867590249,1.9723167419999998
179,Turkey,51.0,22.0,7.0,1.4,75.8,16.0,66.1,1979.52569,78271472.0,0.764,14.5,Middle East and North Africa,5.131800175,10.12941933,0.826313555,66.90281677,0.6088304520000001,-0.17104643600000002,0.748197377,1.9723167419999998
180,Turkmenistan,19.0,71.0,32.0,2.2,66.3,215.0,48.6,6432.668768,5565284.0,0.688,10.8,Commonwealth of Independent States,5.119100093999999,9.74803257,0.958966196,62.21170807,0.8264570240000001,0.187671542,0.883691847,1.9723167419999998
181,Tuvalu,6.0,41.0,9.0,1.0,,,,,,,,,,,,,,,,
182,Uganda,45.0,9.0,0.0,8.3,62.3,291.0,18.5,693.8963828999999,414487.0,0.488,10.0,Sub-Saharan Africa,4.43200016,7.500389576,0.7649946209999999,55.70820236,0.7317139509999999,0.099487431,0.8367378120000001,1.9723167419999998
183,Ukraine,206.0,237.0,45.0,8.9,71.3,195.0,61.3,2124.662666,4515429.0,0.748,15.3,Commonwealth of Independent States,4.56069994,9.010690689,0.878879368,64.60678101,0.663081884,-0.030933706000000002,0.920636714,1.9723167419999998
184,United Arab Emirates,16.0,135.0,5.0,2.8,77.1,75.0,64.2,3911.74689,,0.836,13.3,Middle East and North Africa,6.790800095,11.1099987,0.8491811159999999,67.08278656,0.941345513,0.123450845,0.594502211,1.9723167419999998
185,United Kingdom,219.0,126.0,195.0,10.4,81.2,69.0,66.6,,,,,Western Europe,7.164500237,10.60013485,0.93668282,72.30160522,0.834743679,0.263732493,0.43591591700000004,1.9723167419999998
186,Tanzania,36.0,6.0,1.0,5.7,61.8,279.0,23.8,,,,,Sub-Saharan Africa,3.4762001039999997,7.967665195,0.6889331940000001,57.49607468,0.82153976,0.10966868699999999,0.619799435,1.9723167419999998
187,United States of America,249.0,158.0,84.0,8.7,79.3,13.0,69.6,,,,,,,,,,,,,
188,Uruguay,115.0,35.0,220.0,6.6,77.0,116.0,64.0,15524.84247,3431552.0,0.794,15.5,Latin America and Caribbean,6.440100192999999,9.948192596,0.92281127,69.00254822,0.892395437,-0.101103112,0.635994136,1.9723167419999998
189,Uzbekistan,25.0,101.0,8.0,2.4,69.4,184.0,44.7,2137.576852,312989.0,0.6970000000000001,12.1,Commonwealth of Independent States,6.257599831,8.740371704,0.926595807,65.10757446,0.974998116,0.248427153,0.501497388,1.9723167419999998
190,Vanuatu,21.0,18.0,11.0,0.9,72.0,13.0,53.3,285.83414,26463.0,0.598,10.8,,,,,,,,,
191,Venezuela,333.0,100.0,3.0,7.7,74.1,157.0,62.1,,,0.769,14.3,Latin America and Caribbean,5.053199768,8.977793693999999,0.890408158,66.50534058,0.62327832,-0.16909050899999997,0.837038398,1.9723167419999998
192,Vietnam,111.0,2.0,1.0,2.0,,,,,,,,Southeast Asia,5.353499889,8.809545517,0.849987149,67.95273590000001,0.939592957,-0.094533332,0.79642123,1.9723167419999998
193,Yemen,6.0,0.0,0.0,0.1,65.7,224.0,41.3,,,0.499,9.0,Middle East and North Africa,3.5274000169999997,7.759682655,0.817980587,56.72728348,0.599920273,-0.157735437,0.800287724,1.9723167419999998
194,Zambia,32.0,19.0,4.0,2.5,61.8,33.0,23.4,1313.889646,161587.0,0.5760000000000001,12.5,Sub-Saharan Africa,3.759399891,8.224720001,0.698824465,55.29937744,0.806500256,0.078037128,0.801289678,1.9723167419999998
195,Zimbabwe,64.0,18.0,4.0,4.7,67.0,336.0,31.8,118.69383,15777451.0,0.507,10.3,Sub-Saharan Africa,3.2992000580000003,7.865711688999999,0.7630927559999999,55.61725998,0.711457908,-0.072063953,0.81023699,1.9723167419999998
196,Czechia,,,,,78.8,86.0,66.1,,,,,,,,,,,,,
197,DemocraticPeople'sSouth Korea,,,,,76.0,139.0,32.9,,,,,,,,,,,,,
198,South Sudan,,,,,57.3,332.0,,758.725782,11882136.0,0.42100000000000004,4.9,Sub-Saharan Africa,2.8166000839999996,7.425359726,0.553707123,51.0,0.451313615,0.016518548,0.7634173040000001,1.9723167419999998
199,SriLanka,,,,,74.9,138.0,23.4,3844.8912299999997,2966.0,0.764,14.0,,,,,,,,,
200,VietNam,,,,,76.0,127.0,17.5,,,0.6779999999999999,12.6,,,,,,,,,
201,United States,,,,,,,,,,,,North America and ANZ,6.939599991000001,10.92576885,0.914219022,68.29949951,0.842619538,0.149891734,0.6997153159999999,1.9723167419999998
202,Taiwan,,,,,,,,,,,,East Asia,6.45539999,10.77568531,0.894309103,69.59999847,0.77153033,-0.07319869799999999,0.73188293,1.9723167419999998
203,Kosovo,,,,,,,,,,,,Central and Eastern Europe,6.325200081,9.204429626,0.8207265140000001,63.88555527,0.861535907,0.19093376399999998,0.922328293,1.9723167419999998
204,North Cyprus,,,,,,,,,,,,Western Europe,5.53550005,10.40570259,0.820356607,73.70222473,0.79529351,0.00022715900000000003,0.62611568,1.9723167419999998
205,Hong Kong,,,,,,,,,,,,East Asia,5.510399818,10.934671400000001,0.8459690809999999,76.77170563,0.7798337940000001,0.134979904,0.420607209,1.9723167419999998
206,Palestinian Territories,,,,,,,,,,,,Middle East and North Africa,4.552800179,8.389223099,0.825295925,62.25,0.645791829,-0.162079096,0.824199975,1.9723167419999998
