,Happiness_Score,GDP,Social_Support,Life_Expectancy (Happiness),Freedom_Score,Generosity,Corruption_Score,Happiness (Dystopia),Beer_Servings,Spirit_Servings,Wine_Servings,Total_L_Pure_Alcohol,Life_Expectancy (LED),Adult_Mortality,infantdeaths,GDP_Health_Gov_Expenditure (%),HepatitisB,Measles,BMI,under-fivedeaths,Polio,Diphtheria,HIV/AIDS,GDP.1,Population,thinness1-19years,thinness5-9years,HDI,Schooling
0,1.0,0.9291383823256768,0.9791315462174639,0.9361528290898088,0.9735118288167032,-0.10609209653586496,0.20890090643284384,1.0,0.699468085106383,0.35656836461126007,0.26216216216216215,0.6944444444444444,0.921590909090909,0.15702479338842976,0.0,0.0,0.8172233281722333,2.212707579629814e-05,0.8697478991596638,0.0,0.9797979797979798,0.9797979797979798,0.01075268817204301,0.07506751677742506,0.02122515552853412,0.033707865168539325,0.029304029304029304,0.9419831223628693,0.8333333333333334
1,0.9791130096911643,0.9409048574529594,0.9808357771085284,0.9426847112444018,0.9758421604991081,0.11807745144356493,0.18008992299718452,1.0,0.5957446808510638,0.21715817694369974,0.7513513513513513,0.7222222222222222,0.9772727272727273,0.14669421487603307,0.0,0.0,0.8172233281722333,9.957184108334163e-05,0.8235294117647057,0.0,0.9393939393939394,0.9393939393939394,0.01075268817204301,0.09397403783398053,0.02201517075435465,0.04119850187265918,0.03296703296703297,0.9736286919831224,0.9411764705882353
2,0.9681380671185044,0.9588890869372794,0.9673499811796731,0.964818072623736,0.9449624936506031,0.1889028711988031,0.32464007570210013,1.0,0.4920212765957447,0.2680965147453083,0.7567567567567568,0.7083333333333333,0.9477272727272728,0.1012396694214876,0.0,0.0,0.8172233281722333,0.0003872238264352175,0.8039215686274509,0.0,0.9797979797979798,0.9797979797979798,0.01075268817204301,0.15895923873464415,0.0320821514193293,0.014981273408239702,0.010989010989010988,0.989451476793249,0.7843137254901962
3,0.9610434298041043,0.940778930441806,1.0,0.9504641434687846,0.973224319543198,0.440449573864024,0.7607108180868383,1.0,0.6196808510638298,0.16353887399463807,0.21081081081081082,0.4583333333333333,0.9397727272727273,0.1012396694214876,0.0,0.0,0.8172233281722333,0.0,0.8543417366946778,0.0,0.9292929292929293,0.9292929292929293,0.01075268817204301,0.10139697101060996,0.00013098358859496938,0.03745318352059925,0.03296703296703297,0.969409282700422,0.9313725490196079
4,0.958930402562644,0.9683095792681313,0.9772404909866602,0.9530783466607843,0.9802585987766155,0.23995232524275614,0.28134071659011095,1.0,0.449468085106383,0.1903485254691689,0.34864864864864864,0.4652777777777778,0.9295454545454546,0.12190082644628099,0.0,0.0,0.8172233281722333,0.00015488953057408699,0.8571428571428571,0.0,0.9595959595959596,0.9595959595959596,0.01075268817204301,0.13182437042249928,0.002009849524279343,0.029962546816479405,0.02564102564102564,1.0,0.8676470588235294
5,0.9539232064129147,0.9442854948938917,0.9635458550519073,0.9413620637006307,0.931845717535725,0.3702974343646014,0.38982783075217736,1.0,0.6675531914893617,0.2359249329758713,0.5135135135135135,0.6527777777777778,0.9306818181818183,0.11776859504132231,0.001098901098901099,0.0,0.9494949494949495,7.744476528704349e-05,0.8697478991596638,0.0009090909090909091,0.9595959595959596,0.9595959595959596,0.01075268817204301,0.7831909531631105,0.06561738592525387,0.03745318352059925,0.03296703296703297,0.9736286919831224,0.8872549019607845
6,0.9417060213550256,0.9395767888115766,0.9503848461152746,0.9452661337092967,0.9632266756092891,0.1990757787162214,0.2681532348107269,1.0,0.40425531914893614,0.16085790884718498,0.5027027027027027,0.5,0.9363636363636364,0.10950413223140495,0.0,0.0,0.6767676767676768,0.00024339783375927954,0.8333333333333333,0.0,0.98989898989899,0.98989898989899,0.01075268817204301,0.09875906551236356,0.03795749068725665,0.056179775280898875,0.05128205128205128,0.958860759493671,0.7794117647058825
7,0.9348034941208783,0.9170584201590957,0.9737853682631004,0.9531023857217806,0.9602249190397409,0.341734218147533,0.23636421775963198,1.0,0.5398936170212766,0.21179624664879357,0.47297297297297297,0.6458333333333334,0.9272727272727272,0.13636363636363635,0.0,0.0,0.9292929292929293,0.00011063537898149071,0.9453781512605042,0.0,0.9292929292929293,0.9292929292929293,0.01075268817204301,0.06757908381983788,0.049568281787343446,0.014981273408239702,0.010989010989010988,0.9630801687763714,0.9411764705882353
8,0.934111934713907,0.9381820918169989,0.9521646020886979,0.9504967253796227,0.9230679231384279,0.1523715118230224,0.5343766773226254,1.0,0.7420212765957447,0.20107238605898123,0.5162162162162162,0.673611111111111,0.9261363636363636,0.13429752066115702,0.0,0.0,0.9393939393939394,0.0034186332105280628,0.8067226890756302,0.0,0.9393939393939394,0.9393939393939394,0.01075268817204301,0.7721053812631152,0.033440882938543345,0.07116104868913857,0.07692307692307693,0.9409282700421941,0.7794117647058825
9,0.9268508346098171,1.0,0.9304817040888121,0.9452561008441592,0.9288596717657658,-0.008241278228105525,0.3923579788875676,1.0,0.6276595744680851,0.35656836461126007,0.7324324324324324,0.7916666666666666,0.9318181818181818,0.13016528925619836,0.0,0.0,0.9494949494949495,0.0,0.8585434173669466,0.0,1.0,1.0,0.01075268817204301,0.021215370741632784,0.00022065205206931352,0.03745318352059925,0.03296703296703297,0.9451476793248945,0.6813725490196079
10,0.9261592750747835,0.933775795703283,0.9512727972951522,0.9582970180785451,0.9578615749858537,0.2225410735218993,0.41775285313130045,1.0,0.6382978723404256,0.32707774798927614,0.2702702702702703,0.5694444444444444,0.9340909090909091,0.1322314049586777,0.002197802197802198,0.0,0.5555555555555556,0.002157389890139069,0.9383753501400559,0.0018181818181818182,0.9191919191919192,0.9191919191919192,0.01075268817204301,0.7659130588835165,0.013886084826087552,0.02247191011235955,0.018315018315018316,0.969409282700422,0.7990196078431373
11,0.924968266084969,0.9362409591870613,0.9694101880943495,0.9583352620214663,0.9389061609222638,0.339704637143475,0.4437534349425928,1.0,0.6941489361702128,0.19302949061662197,0.572972972972973,0.7222222222222222,0.9409090909090909,0.12190082644628099,0.001098901098901099,0.0,0.9393939393939394,0.0008187018044630311,0.9327731092436973,0.0009090909090909091,0.9393939393939394,0.9393939393939394,0.01075268817204301,1.0,0.09214883517784037,0.02247191011235955,0.021978021978021976,0.9883966244725739,1.0
12,0.9175022934691185,0.9257209330994944,0.9610260164722737,0.9413710037924042,0.8561490174202553,0.4703931301827588,0.4659286449697901,1.0,0.5824468085106383,0.3378016085790885,0.527027027027027,0.7222222222222222,0.9227272727272727,0.14256198347107438,0.0032967032967032967,0.0,0.8172233281722333,0.0010067819487315653,0.9327731092436973,0.0036363636363636364,0.9696969696969697,0.9696969696969697,0.01075268817204301,0.12985324013190647,0.049568281787343446,0.029962546816479405,0.021978021978021976,0.7378274595513462,0.6445196783749471
13,0.9129048424709731,0.9097734480280109,0.9373137948444592,0.9530714925123044,0.766750802624115,0.1829861028458617,0.8346167823543919,1.0,0.1675531914893617,0.18498659517426275,0.024324324324324326,0.1736111111111111,0.9375,0.11983471074380166,0.0,0.0,0.9696969696969697,0.0008850830318519257,0.9089635854341737,0.0009090909090909091,0.9595959595959596,0.9595959595959596,0.01075268817204301,0.6317701251175779,3.246409747196329e-05,0.0449438202247191,0.040293040293040296,0.9472573839662448,0.7843137254901962
14,0.9119827630055535,0.8434569631913927,0.9249759756531069,0.928328099957758,0.9587084514940745,-0.18269357469961892,0.8404712660993404,1.0,0.3962765957446808,0.23324396782841822,0.02972972972972973,0.3055555555555556,0.9045454545454544,0.1962809917355372,0.001098901098901099,0.0,0.9292929292929293,0.0,0.09103641456582633,0.0009090909090909091,0.9292929292929293,0.9292929292929293,0.01075268817204301,0.02027009359747713,0.001889711833897176,0.06367041198501873,0.062271062271062265,0.8175105485232068,0.696078431372549
15,0.9084354444123847,0.9746999836227204,0.966565074151858,0.9413603749992688,0.9097278881306065,0.26002199984312174,0.3817762343021222,1.0,0.8324468085106383,0.3163538873994638,0.44594594594594594,0.7916666666666666,0.925,0.1322314049586777,0.0,0.0,0.9595959595959596,4.425415159259628e-05,0.8795518207282912,0.0,0.9595959595959596,0.9595959595959596,0.01075268817204301,0.11783602091378671,0.018115884417168524,0.011235955056179775,0.007326007326007326,0.9704641350210972,0.911764705882353
16,0.9061431307359528,0.9373083446367297,0.9222350672819195,0.9400743821702909,0.8896130851600539,0.14300790899008284,0.48784660101821775,1.0,0.9202127659574468,0.3136729222520107,0.47297297297297297,0.7847222222222222,0.9204545454545454,0.14049586776859505,0.002197802197802198,0.0,0.8888888888888888,0.02726055738103931,0.872549019607843,0.0027272727272727275,0.9494949494949495,0.9595959595959596,0.01075268817204301,0.7280934924313458,0.31641595294813846,0.04119850187265918,0.040293040293040296,0.9746835443037976,0.8382352941176472
17,0.8887010533712926,0.9541588930494965,0.9379784129016457,0.889263360289299,0.8642268371316525,0.26734681473162825,0.7478905824135998,1.0,0.3004959746981024,0.20866241576697342,0.1485025566106647,0.34740990990990994,0.8160336239103363,0.31829503000113213,0.03260575041396959,0.008186985578012269,0.8172233281722333,0.020182848454840533,0.5924176567178595,0.035653798256537986,0.8444029334440295,0.8459941884599418,0.07880394756223302,0.12985324013190647,0.049568281787343446,0.1682810280253132,0.16463306808134395,0.7378274595513462,0.6445196783749471
18,0.8850256817105047,0.9086065366176705,0.9381955695721849,0.9120280959898566,0.8395271135067507,-0.41176447181115416,0.917550100338757,1.0,0.9601063829787234,0.45576407506702415,0.3621621621621622,0.8194444444444444,0.8160336239103363,0.31829503000113213,0.03260575041396959,0.008186985578012269,0.8172233281722333,0.020182848454840533,0.5924176567178595,0.035653798256537986,0.8444029334440295,0.8459941884599418,0.07880394756223302,0.12985324013190647,0.049568281787343446,0.1682810280253132,0.16463306808134395,0.7378274595513462,0.6445196783749471
19,0.8789555295105177,0.932140154081477,0.9353247094685142,0.9374655431114757,0.8344447539424784,-0.14035357947131824,0.6544545495298755,1.0,0.7845744680851063,0.225201072386059,0.572972972972973,0.7291666666666666,0.921590909090909,0.15289256198347106,0.0,0.0,0.98989898989899,0.0005199862812130063,0.892156862745098,0.0009090909090909091,1.0,1.0,0.01075268817204301,0.07703867347685682,0.043670993659708696,0.03745318352059925,0.03663003663003663,0.9440928270042195,0.8137254901960785
20,0.8696453982199522,0.9702478797520364,0.8712502543528658,0.8734216886198589,0.9654844430489136,0.22018685958144935,0.6354335751469572,1.0,0.0425531914893617,0.36193029490616624,0.013513513513513514,0.19444444444444442,0.8761363636363636,0.15495867768595042,0.001098901098901099,0.0,1.0,0.0038390476506577273,0.8991596638655461,0.0009090909090909091,1.0,1.0,0.01075268817204301,0.06916787637534244,0.049568281787343446,0.19850187265917602,0.1868131868131868,0.8818565400843882,0.6519607843137256
21,0.8673402608982387,0.9199311829908998,0.9545588914534867,0.9400480583497344,0.948628949966094,0.38341289215434876,0.7038881371032805,1.0,0.3962765957446808,0.2680965147453083,0.32432432432432434,0.4583333333333333,0.928409090909091,0.1115702479338843,0.0,0.0,0.9595959595959596,2.212707579629814e-05,0.9747899159663864,0.0,0.9797979797979798,0.9797979797979798,0.01075268817204301,0.4211779953921736,0.0016728790874127994,0.029962546816479405,0.029304029304029304,0.899789029535865,0.7156862745098039
22,0.8533814451141133,0.9243313161522406,0.9614578838562208,0.9609053604221949,0.846635119036476,-0.23301294084518692,0.6236964466711213,1.0,0.3377659574468085,0.40482573726541554,1.0,0.8194444444444444,0.9363636363636364,0.16115702479338842,0.002197802197802198,0.0,0.8686868686868687,0.001736975450009404,0.8753501400560223,0.0027272727272727275,0.98989898989899,0.98989898989899,0.01075268817204301,0.6458698016208383,0.02580730349073336,0.026217228464419474,0.021978021978021976,0.9430379746835443,0.7990196078431373
23,0.8279227121834069,0.8556519419260762,0.8604612749295458,0.8892572015420505,0.8807291644038417,-0.31260545286519364,0.8623710976615435,1.0,0.6329787234042553,0.18230563002680966,0.013513513513513514,0.3819444444444444,0.8715909090909091,0.25206611570247933,0.03296703296703297,0.0,0.8282828282828283,0.0,0.8893557422969187,0.031818181818181815,0.8787878787878788,0.8787878787878788,0.01075268817204301,0.16166965786399923,0.04876760905656207,0.056179775280898875,0.054945054945054944,0.79957805907173,0.6519607843137256
24,0.8266932933434592,0.9410519395382706,0.9175510604016227,0.9061959305646202,0.7913146880378178,-0.13055715769358173,0.7822729305188912,1.0,0.3004959746981024,0.20866241576697342,0.1485025566106647,0.34740990990990994,0.8160336239103363,0.31829503000113213,0.03260575041396959,0.008186985578012269,0.8172233281722333,0.020182848454840533,0.5924176567178595,0.035653798256537986,0.8444029334440295,0.8459941884599418,0.07880394756223302,0.12985324013190647,0.049568281787343446,0.1682810280253132,0.16463306808134395,0.7378274595513462,0.6445196783749471
25,0.8247339663321183,0.8687861298880176,0.9467939625110448,0.8984170943984356,0.9152791398829739,-0.18032745523282198,0.6797822112910192,1.0,0.3058510638297872,0.0938337801608579,0.5945945945945946,0.4583333333333333,0.875,0.2396694214876033,0.0,0.0,0.9595959595959596,0.0,0.8963585434173669,0.0,0.9595959595959596,0.9595959595959596,0.01075268817204301,0.274511724533288,0.013292237037120935,0.056179775280898875,0.05128205128205128,0.8375527426160339,0.7598039215686275
26,0.8204310311912818,0.9429843268366106,0.8967829606287002,0.8632967547550582,0.8760952764753855,-0.3008844202619908,0.7296177355599965,1.0,0.0,0.013404825737265416,0.0,0.006944444444444445,0.8465909090909091,0.18181818181818182,0.007692307692307693,0.0,0.98989898989899,0.0024229147996946464,0.9551820728291316,0.007272727272727273,0.9797979797979798,0.98989898989899,0.01075268817204301,0.048322717935327796,0.049568281787343446,0.29213483146067415,0.27838827838827834,0.8913502109704642,0.7892156862745099
27,0.8197138854513966,0.9137384149212935,0.9450642912034426,0.9687275067655864,0.7712728164902424,-0.09089528520074515,0.818589210578324,1.0,0.7553191489361702,0.42091152815013405,0.3027027027027027,0.6944444444444444,0.9409090909090909,0.11570247933884298,0.001098901098901099,0.0,0.9797979797979798,0.0012723068582871431,0.9327731092436973,0.0009090909090909091,0.9797979797979798,0.9797979797979798,0.01075268817204301,0.45414417412947106,0.17991678352896034,0.02247191011235955,0.018315018315018316,0.9303797468354431,0.8676470588235294
28,0.819457779444221,0.7794126699924154,0.8378444368309698,0.8438161385397442,0.9314352080245456,-0.0765853793950936,0.8371632069346856,1.0,0.14095744680851063,0.18498659517426275,0.005405405405405406,0.1527777777777778,0.8170454545454546,0.384297520661157,0.01098901098901099,0.0,0.7474747474747475,0.0,0.07843137254901959,0.01090909090909091,0.09090909090909091,0.7474747474747475,0.04301075268817204,0.06937699284714736,0.06295435380171373,0.0449438202247191,0.04395604395604395,0.6719409282700423,0.5245098039215687
29,0.8179850782423795,0.9153897979653127,0.9130053845037632,0.9582981107217085,0.6816956659637279,-0.07751701403163756,0.9335384282252084,1.0,0.22606382978723405,0.1126005361930295,0.6405405405405405,0.4513888888888889,0.9397727272727273,0.11570247933884298,0.001098901098901099,0.0,0.9393939393939394,0.0017591025258057022,0.8907563025210083,0.0018181818181818182,0.9393939393939394,0.9393939393939394,0.01075268817204301,0.006173659813443016,0.0026091435035628177,0.02247191011235955,0.021978021978021976,0.9293248945147679,0.7990196078431373
30,0.8166660163130086,0.9951828566964157,0.9339256958606451,1.0,0.9504073123767964,0.05329256757449227,0.11734281380597514,1.0,0.1595744680851064,0.032171581769437,0.02972972972972973,0.10416666666666666,0.9443181818181817,0.11363636363636363,0.0,0.0,0.9696969696969697,0.0,0.4649859943977591,0.0,0.9696969696969697,0.9696969696969697,0.01075268817204301,0.9482860611861704,0.049568281787343446,0.08239700374531836,0.08058608058608059,0.9746835443037976,0.7549019607843138
31,0.8164739062327556,0.8354468250028659,0.920028519490794,0.8655755030852705,0.8203142076635562,-0.1815925266526566,0.8236570240698168,1.0,0.651595744680851,0.38873994638069703,0.043243243243243246,0.5,0.8522727272727273,0.29338842975206614,0.046153846153846156,0.0,0.9696969696969697,0.002367597110203901,0.7857142857142857,0.042727272727272725,0.98989898989899,0.9696969696969697,0.01075268817204301,0.15484673376606414,0.010056541487944826,0.10112359550561799,0.09523809523809523,0.7953586497890296,0.7450980392156863
32,0.8149115618134284,0.9075724653445997,0.9639940500204964,0.925764955178743,0.9601481353016276,-0.14376414980724336,0.8733262053805961,1.0,0.7180851063829787,0.13672922252010725,0.745945945945946,0.736111111111111,1.0,0.15289256198347106,0.0,0.0,0.8172233281722333,0.00019914368216668326,0.08543417366946778,0.0,0.9595959595959596,0.9595959595959596,0.01075268817204301,0.04826970896242186,0.001020796572113585,0.05243445692883895,0.047619047619047616,0.9367088607594938,0.8480392156862746
33,0.8129778210069392,0.778038960920361,0.827041575780139,0.860733311946944,0.8551865376117301,-0.21594569730157703,0.8062546880487491,1.0,0.13829787234042554,0.18498659517426275,0.005405405405405406,0.1527777777777778,0.8352272727272727,0.3677685950413223,0.002197802197802198,0.0,0.9191919191919192,0.0,0.7857142857142857,0.0018181818181818182,0.9292929292929293,0.9191919191919192,0.02150537634408602,0.07297608417565113,0.024451604949483816,0.05992509363295881,0.054945054945054944,0.7151898734177214,0.6470588235294118
34,0.8100195950860367,0.8038325269068959,0.8420561533973643,0.831793555749702,0.8836282787237715,0.34054935697868727,0.9858304205367878,1.0,0.3004959746981024,0.20866241576697342,0.1485025566106647,0.34740990990990994,0.8160336239103363,0.31829503000113213,0.03260575041396959,0.008186985578012269,0.8172233281722333,0.020182848454840533,0.5924176567178595,0.035653798256537986,0.8444029334440295,0.8459941884599418,0.07880394756223302,0.12985324013190647,0.049568281787343446,0.1682810280253132,0.16463306808134395,0.7378274595513462,0.6445196783749471
35,0.8074071183897952,0.8763002206245253,0.9255387725367965,0.9062351679378722,0.9029417488638513,-0.27454538645087034,0.910220639128342,1.0,0.7579787234042553,0.27882037533512066,0.04864864864864865,0.5,0.884090909090909,0.24380165289256198,0.001098901098901099,0.0,0.7373737373737373,0.0,0.8095238095238094,0.0009090909090909091,0.7272727272727273,0.7373737373737373,0.01075268817204301,0.23224434491091545,0.015375025226881374,0.07116104868913857,0.06593406593406594,0.8280590717299579,0.6372549019607844
36,0.8043080157559925,0.9036798731877664,0.9464681967255743,0.8971644780943598,0.7691837160432011,-0.22189636474571708,0.9813068685749895,1.0,0.5212765957446809,0.7855227882037533,0.31351351351351353,0.7916666666666666,0.8715909090909091,0.03925619834710744,0.0,0.0,0.9696969696969697,1.106353789814907e-05,0.8277310924369747,0.0,0.9696969696969697,0.9696969696969697,0.01075268817204301,0.12985324013190647,0.049568281787343446,0.0449438202247191,0.04395604395604395,0.888185654008439,0.7352941176470589
37,0.8013625523946603,0.7633058601573637,0.950676854819566,0.8477043149651234,1.0,0.44309453413486344,0.5360253877738744,1.0,0.06648936170212766,0.2707774798927614,0.021621621621621623,0.16666666666666666,0.7886363636363637,0.38016528925619836,0.016483516483516484,0.0,1.0,0.00024339783375927954,0.6260504201680672,0.015454545454545455,1.0,1.0,0.01075268817204301,0.03779683491789769,0.001212373869902436,0.11235955056179775,0.11355311355311355,0.7352320675105486,0.5931372549019608
38,0.7976359472384577,0.8761099131614685,0.9025762336917347,0.9101100335686242,0.7639976742273007,-0.117126063443082,0.8959520563826483,1.0,0.34574468085106386,0.3324396782841823,0.4648648648648649,0.5277777777777778,0.9659090909090909,0.16942148760330578,0.002197802197802198,0.0,0.9797979797979798,9.957184108334163e-05,0.8935574229691876,0.0018181818181818182,0.9696969696969697,0.9696969696969697,0.01075268817204301,0.2414176331740528,0.0688043678973142,0.029962546816479405,0.029304029304029304,0.8913502109704642,0.7990196078431373
39,0.7974823080940494,0.9323795162700341,0.8991171362878366,0.891873888049476,0.9290846414312457,0.23851931009845223,0.7902510072036297,1.0,0.11170212765957446,0.16890080428954424,0.01891891891891892,0.1388888888888889,0.8738636363636364,0.14256198347107438,0.0,0.0,0.98989898989899,0.0,0.8907563025210083,0.0,0.98989898989899,0.98989898989899,0.01075268817204301,0.4011868787347632,0.049568281787343446,0.23220973782771537,0.22344322344322343,0.8681434599156118,0.7107843137254902
40,0.7959711360844254,0.9033197469998799,0.9501754561794181,0.8761726762315588,0.7665465571012448,-0.39190191769723726,0.8653235365994338,1.0,0.9122340425531915,0.6541554959785523,0.15135135135135136,0.8958333333333334,0.8363636363636363,0.3409090909090909,0.0,0.0,0.9494949494949495,0.0005531768949074535,0.8739495798319327,0.0,0.9393939393939394,0.9393939393939394,0.01075268817204301,0.2520127815865519,0.00011423442292634163,0.09737827715355805,0.09523809523809523,0.8924050632911392,0.8088235294117647
41,0.7929488530228268,0.8960167855452904,0.9390815026322316,0.8267736042502442,0.8799064346089464,0.0009396733192774043,0.9750375150517702,1.0,0.523936170212766,0.41823056300268097,0.01891891891891892,0.4444444444444445,0.8090909090909091,0.03512396694214876,0.0,0.0,0.09090909090909091,0.0,0.6596638655462185,0.0,0.8888888888888888,0.9696969696969697,0.03225806451612903,0.3062862929842777,5.3036442260603904e-05,0.21348314606741575,0.21611721611721613,0.8217299578059072,0.6225490196078431
42,0.7922317074110038,0.8964641109157883,0.8969782852850636,0.9024349031961364,0.884161481805366,-0.36578783679989385,0.7342218157353142,1.0,0.9122340425531915,0.5764075067024129,0.15135135135135136,0.7569444444444444,0.8806818181818182,0.24173553719008264,0.002197802197802198,0.0,0.9696969696969697,0.0,0.8641456582633052,0.0018181818181818182,0.9292929292929293,0.98989898989899,0.01075268817204301,0.22219297446693598,0.14714169929342033,0.07116104868913857,0.07326007326007326,0.8987341772151899,0.803921568627451
43,0.789299128652602,0.82967723020254,0.9074257212682301,0.8814524387972412,0.8576220797538445,-0.28757980818308226,0.9240974146681109,1.0,0.4228723404255319,0.2037533512064343,0.008108108108108109,0.2916666666666667,0.85,0.29545454545454547,0.01098901098901099,0.0,0.9191919191919192,1.106353789814907e-05,0.810924369747899,0.01090909090909091,0.9191919191919192,0.9191919191919192,0.01075268817204301,0.011396561493311967,0.1868155494993179,0.07865168539325844,0.06959706959706959,0.7637130801687765,0.6666666666666667
44,0.7887356221851873,0.9087409591936112,0.8269430572643626,0.9596071493115523,0.7998562030041911,0.07799947233280351,0.9152258907027683,1.0,0.5106382978723404,0.4128686327077748,0.3054054054054054,0.5694444444444444,0.9659090909090909,0.10743801652892562,0.0,0.0,0.9797979797979798,0.0,0.08823529411764705,0.0,0.9797979797979798,0.9797979797979798,0.01075268817204301,0.04199696612045004,0.0004531455008659617,0.03745318352059925,0.03663003663003663,0.9008438818565402,0.7009803921568628
45,0.7859310964944045,0.7417166235146614,0.879782294548609,0.8789473056623234,0.8860559346968011,0.03738271241735768,0.7118006580226353,1.0,0.2074468085106383,0.3163538873994638,0.002702702702702703,0.24305555555555555,0.85,0.29958677685950413,0.002197802197802198,0.0,0.98989898989899,0.0,0.7563025210084033,0.0018181818181818182,1.0,0.98989898989899,0.01075268817204301,0.0052333072739346575,0.0002643106659109193,0.06741573033707865,0.062271062271062265,0.6772151898734178,0.5735294117647058
46,0.7842150518449577,0.8827059489588964,0.8466064164908335,0.8750420435372603,0.8644357288173468,-0.3528231002983002,0.9986266380859505,1.0,0.7898936170212766,0.32707774798927614,0.45135135135135135,0.7222222222222222,0.8522727272727273,0.27479338842975204,0.002197802197802198,0.0,0.09090909090909091,4.425415159259628e-05,0.0938375350140056,0.0018181818181818182,0.898989898989899,0.898989898989899,0.01075268817204301,0.15841014239892504,0.07675596070132878,0.09363295880149813,0.09890109890109891,0.8417721518987341,0.7205882352941176
47,0.7814488747905344,0.9684860613522668,0.8684740601772923,0.8693185509271739,0.8947365883935718,-0.17868937787583786,0.8132333719908876,1.0,0.0,0.0,0.0,0.0,0.8488636363636364,0.16735537190082644,0.0,0.0,1.0,0.00019914368216668326,1.0,0.0009090909090909091,1.0,1.0,0.01075268817204301,0.5123460659664185,0.049568281787343446,0.1310861423220974,0.12454212454212453,0.8428270042194094,0.6519607843137256
48,0.7813464080558293,0.8695366145275452,0.934016876505028,0.8645883104032868,0.9123448737002482,-0.03267299677765292,0.8607908096308681,1.0,0.26063829787234044,0.08310991957104558,0.04864864864864865,0.18055555555555555,0.8477272727272727,0.30165289256198347,0.0,0.0,0.9797979797979798,0.0,0.46638655462184864,0.0,0.98989898989899,0.9797979797979798,0.01075268817204301,0.16359680712023128,0.0004890919063712497,0.25842696629213485,0.24908424908424906,0.8217299578059072,0.7450980392156863
49,0.775788528955905,0.8833237602634652,0.9590377272635829,0.841225378480743,0.8324138515566117,-0.12215629190444292,0.8171258921265829,1.0,0.32978723404255317,0.6595174262734584,0.032432432432432434,0.4722222222222222,0.8181818181818182,0.4090909090909091,0.004395604395604396,0.0,0.98989898989899,0.005819420934426411,0.7436974789915966,0.004545454545454545,0.98989898989899,0.98989898989899,0.01075268817204301,0.002828811464311568,0.06795778743877882,0.0898876404494382,0.09157509157509157,0.8364978902953586,0.7352941176470589
50,0.7711654917529082,0.9030045954307206,0.9590224379795353,0.8932404416984522,0.900216252315302,-0.1992240832271167,0.665972329716596,1.0,0.5957446808510638,0.5201072386058981,0.15945945945945947,0.6597222222222222,0.8818181818181817,0.24586776859504134,0.0,0.0,0.9191919191919192,4.425415159259628e-05,0.8389355742296918,0.0,0.9393939393939394,0.9393939393939394,0.01075268817204301,0.031384463263112054,0.0005095519186426863,0.07116104868913857,0.06959706959706959,0.9103375527426161,0.8088235294117647
51,0.7691421077289332,0.7854157970222265,0.8687354913394771,0.806289951376076,0.9389386840620316,-0.1881037597851967,0.7841446832041982,1.0,0.18882978723404256,0.49865951742627346,0.002702702702702703,0.3194444444444444,0.7784090909090909,0.4359504132231405,0.05714285714285714,0.0,0.06060606060606061,0.006848329958954275,0.35574229691876746,0.06,0.797979797979798,0.06060606060606061,0.01075268817204301,0.05089504974146338,0.04538372754951847,0.03745318352059925,0.35531135531135527,0.7162447257383967,0.5735294117647058
52,0.7684249619890479,0.8950772431500673,0.94589402470484,0.8802856481033151,0.7374009910394536,-0.346594428558261,0.9543936322520111,1.0,0.6223404255319149,0.5764075067024129,0.5,0.7847222222222222,0.8613636363636363,0.2768595041322314,0.0,0.0,0.8172233281722333,0.0,0.9075630252100839,0.0,1.0,1.0,0.01075268817204301,0.21865016711806812,0.0038128290342897835,0.05992509363295881,0.05860805860805861,0.8797468354430381,0.7647058823529412
53,0.7682200283915759,0.8507609245865333,0.9131024963889915,0.8756065652052453,0.9282715711421949,0.479226761408711,0.9472919910343038,1.0,0.2632978723404255,0.6916890080428955,0.002702702702702703,0.4444444444444445,0.8511363636363637,0.30578512396694213,0.008791208791208791,0.0,1.0,0.0017037848363149568,0.47058823529411764,0.008181818181818182,1.0,1.0,0.01075268817204301,0.10281895677356782,0.0026594762183403727,0.28838951310861427,0.28205128205128205,0.7784810126582279,0.6666666666666667
54,0.7651337494030545,0.8568010303785668,0.9239725658575394,0.8958294137130586,0.8524451466734937,-0.3476482611605106,0.8999820594628277,1.0,0.5132978723404256,0.06702412868632708,0.5972972972972973,0.576388888888889,0.8670454545454546,0.2396694214876033,0.008791208791208791,0.0,0.9494949494949495,0.0,0.8795518207282912,0.008181818181818182,0.9393939393939394,0.9494949494949495,0.01075268817204301,0.23812694596307502,0.16818023564906287,0.03745318352059925,0.03296703296703297,0.8713080168776371,0.8480392156862746
55,0.7623803959939126,0.7357234907378297,0.8432295089920813,0.8749317816241827,0.8929281490016746,0.1551180659186895,0.856289683206929,1.0,0.18351063829787234,0.26273458445040215,0.005405405405405406,0.20833333333333331,0.8477272727272727,0.3037190082644628,0.0032967032967032967,0.0,0.9797979797979798,0.0,0.7142857142857142,0.0036363636363636364,0.9797979797979798,0.9797979797979798,0.03225806451612903,0.04113135441325159,0.0034738985886747834,0.07865168539325844,0.07692307692307693,0.6571729957805907,0.5490196078431373
56,0.7619705897566177,0.8886213763118344,0.9421537427777472,0.8698369810734268,0.688450200041207,-0.33333483988033774,0.8503556268001911,1.0,0.7473404255319149,0.579088471849866,0.16756756756756758,0.7291666666666666,0.8477272727272727,0.31611570247933884,0.0,0.0,0.9494949494949495,0.0,0.8571428571428571,0.0,0.9595959595959596,0.9595959595959596,0.01075268817204301,0.24165381219688073,0.007660020198238771,0.08239700374531836,0.07692307692307693,0.8734177215189873,0.7843137254901962
57,0.7587946676786729,0.8074680171438156,0.8581564528079616,0.8918743847646413,0.8818775491869771,-0.22654382206292475,0.856378620061902,1.0,0.4308510638297872,0.19839142091152814,0.008108108108108109,0.2916666666666667,0.865909090909091,0.24380165289256198,0.006593406593406593,0.0,0.7878787878787878,0.0,0.7591036414565826,0.006363636363636364,0.8484848484848485,0.7878787878787878,0.01075268817204301,0.011062311282104663,0.062535775727866,0.0449438202247191,0.040293040293040296,0.7795358649789031,0.6862745098039216
58,0.7569633936068888,0.8963434307542693,0.9096320854073731,0.9426784531541201,0.9115379777821027,-0.39366590647398764,0.954086875563151,1.0,0.5159574468085106,0.17962466487935658,0.9162162162162162,0.7638888888888888,0.921590909090909,0.15702479338842976,0.0,0.0,0.98989898989899,8.850830318519256e-05,0.8627450980392156,0.0,0.98989898989899,0.98989898989899,0.01075268817204301,0.03399702625371546,0.0005263204519866941,0.026217228464419474,0.018315018315018316,0.8871308016877637,0.8137254901960785
59,0.7542612736931618,0.7865253248572586,0.9394997941333094,0.8736457886650043,0.8800719836467868,-0.22314036115441815,0.9500899373518373,1.0,0.21808510638297873,0.26005361930294907,0.024324324324324326,0.2361111111111111,0.865909090909091,0.25826446280991733,0.001098901098901099,0.0,0.9191919191919192,0.0,0.7591036414565826,0.0009090909090909091,0.9191919191919192,0.9191919191919192,0.05376344086021505,0.08780909966037721,0.01112453708495948,0.06741573033707865,0.062271062271062265,0.768987341772152,0.627450980392157
60,0.7520329559436525,0.9178988531627674,0.8201622136197673,0.9583117196756352,0.6286833758353643,-0.07741540772161369,0.843394590637262,1.0,0.3723404255319149,0.04289544235924933,0.024324324324324326,0.6805555555555556,0.9352272727272727,0.1322314049586777,0.001098901098901099,0.0,0.98989898989899,7.744476528704349e-05,0.44397759103641454,0.0018181818181818182,0.98989898989899,0.98989898989899,0.01075268817204301,0.12985324013190647,0.049568281787343446,0.056179775280898875,0.03663003663003663,0.7378274595513462,0.6445196783749471
61,0.7518280833038294,0.9239353781196553,0.906508171339494,0.9765168725120736,0.8307312247155154,-0.44038916335055994,0.6996242611339206,1.0,0.2047872340425532,0.5415549597855228,0.043243243243243246,0.4861111111111111,0.9511363636363637,0.11363636363636363,0.002197802197802198,0.0,0.8172233281722333,0.0003872238264352175,0.40616246498599434,0.0027272727272727275,1.0,0.9696969696969697,0.01075268817204301,0.6095749387974984,0.0004924851230978265,0.07865168539325844,0.06593406593406594,0.9514767932489452,0.7500000000000001
62,0.7423514892235743,0.8258297786807649,0.8526738409243215,0.8866689249286754,0.8459155822614944,-0.2896355403223162,0.9552470692776854,1.0,0.43351063829787234,0.4289544235924933,0.05675675675675676,0.42361111111111105,0.8579545454545454,0.25413223140495866,0.008791208791208791,0.0,0.09090909090909091,4.425415159259628e-05,0.7787114845938375,0.00909090909090909,0.8888888888888888,0.09090909090909091,0.01075268817204301,0.0011200414625301327,0.12153863568663927,0.04119850187265918,0.040293040293040296,0.7774261603375527,0.6568627450980393
63,0.7399695323296567,0.8454502321976801,0.9043841817834682,0.8881007417423608,0.7451254008371848,-0.13140886745504926,0.901584453445269,1.0,0.7526595744680851,0.3512064343163539,0.34324324324324323,0.6666666666666666,0.859090909090909,0.25,0.001098901098901099,0.0,0.9494949494949495,0.0042373350149910935,0.08403361344537814,0.0009090909090909091,0.9595959595959596,0.9595959595959596,0.01075268817204301,0.09260564133489088,0.0030809439493547993,0.0749063670411985,0.07326007326007326,0.8175105485232068,0.7058823529411765
64,0.7360379935759819,0.7729772085785857,0.82398046658635,0.828081748882991,0.8983333532923463,-0.16352241329396006,0.8792424868149973,1.0,0.4441489361702128,0.10991957104557641,0.021621621621621623,0.2638888888888889,0.875,0.384297520661157,0.008791208791208791,0.0,1.0,0.0,0.7366946778711484,0.00909090909090909,1.0,1.0,0.01075268817204301,0.12985324013190647,0.049568281787343446,0.0449438202247191,0.040293040293040296,0.7078059071729957,0.6764705882352942
65,0.7290969954059903,0.7408054814397047,0.7069701506718621,0.7584591329926315,0.7536770635154746,0.0800833835597912,0.7970471027393111,1.0,0.0,0.0,0.0,0.0,0.7545454545454546,0.33264462809917356,0.3868131868131868,0.0,0.7272727272727273,0.004270525628685541,0.35574229691876746,0.3936363636363636,0.7272727272727273,0.7272727272727273,0.01075268817204301,0.02530740629927712,0.07335899439279846,0.7191011235955056,0.717948717948718,0.5780590717299577,0.3970588235294118
66,0.728943356261582,0.8200370305844691,0.9220846901658086,0.854635723029816,0.908641186543585,0.014264716529917086,0.8922635305085503,1.0,0.5664893617021277,0.3136729222520107,0.2,0.5069444444444444,0.8409090909090909,0.30165289256198347,0.002197802197802198,0.0,0.9393939393939394,0.0,0.07282913165266106,0.0027272727272727275,0.898989898989899,0.9393939393939394,0.02150537634408602,0.007415299533718229,0.025716860320243815,0.0749063670411985,0.06959706959706959,0.7299578059071731,0.6029411764705883
67,0.7285719597463578,0.844044208452924,0.9050096614485891,0.8568172223426795,0.8884148161779628,-0.23412112507355967,0.8080503738996427,1.0,0.5132978723404256,0.3941018766756032,0.024324324324324326,0.4305555555555556,0.8397727272727273,0.3140495867768595,0.006593406593406593,0.0,0.8181818181818182,0.0,0.8249299719887955,0.006363636363636364,0.8787878787878788,0.8585858585858586,0.03225806451612903,0.11437612398441035,0.005920287768949273,0.12359550561797752,0.11721611721611722,0.7573839662447257,0.6470588235294118
68,0.7266382189398687,0.8257864703385194,0.8507541041785837,0.882865779369181,0.6680553462730999,0.17528244964999518,0.9980589324045283,1.0,0.20212765957446807,0.46380697050938335,0.021621621621621623,0.3194444444444444,0.8795454545454546,0.18181818181818182,0.0,0.0,0.8282828282828283,0.01855355305519599,0.7815126050420167,0.0,0.7474747474747475,0.8282828282828283,0.01075268817204301,0.08089520361104573,0.01369666896087111,0.08614232209737828,0.08424908424908424,0.7879746835443038,0.696078431372549
69,0.7181092902737601,0.7664796994999266,0.8652302234167613,0.8464731551937856,0.740113404485799,-0.06731489650598182,0.9761957976628446,1.0,0.2898936170212766,0.6058981233243967,0.04864864864864865,0.4375,0.8193181818181817,0.3243801652892562,0.001098901098901099,0.0,0.8888888888888888,0.0,0.7478991596638654,0.0009090909090909091,0.8888888888888888,0.8787878787878788,0.01075268817204301,0.12985324013190647,0.049568281787343446,0.10112359550561799,0.10256410256410256,0.7378274595513462,0.6445196783749471
70,0.7114756316063584,0.700815172496736,0.8570054186240446,0.8346454182041574,0.8527025779401609,-0.044747854489490514,0.6328403873186352,1.0,0.005319148936170213,0.040214477211796246,0.0,0.020833333333333332,0.7920454545454546,0.33264462809917356,0.01098901098901099,0.0,0.9696969696969697,3.319061369444721e-05,0.06582633053221289,0.01,0.9696969696969697,0.9696969696969697,0.02150537634408602,0.016244135836067295,0.03311349950098991,0.1348314606741573,0.13553113553113552,0.6592827004219409,0.553921568627451
71,0.7102462739801845,0.8516402516970709,0.877543152121535,0.8919435220472395,0.6662224535006179,-0.13484075358803402,0.8370393582383754,1.0,0.08244680851063829,0.30563002680965146,0.34594594594594597,0.3402777777777778,0.8647727272727272,0.03305785123966942,0.0,0.0,0.8282828282828283,0.0,0.8655462184873949,0.0,0.898989898989899,0.898989898989899,0.01075268817204301,0.11424741435976578,0.002409954709349625,0.06741573033707865,0.06593406593406594,0.8481012658227849,0.7401960784313726
72,0.7102334503349029,0.8845650454180465,0.9266224772363265,0.8345915785768481,0.7486092537229067,-0.2695977332933726,0.9243440934468624,1.0,0.6569148936170213,0.8739946380697051,0.1972972972972973,0.798611111111111,0.8522727272727273,0.45867768595041325,0.014285714285714285,0.0,0.9797979797979798,0.009326562448139666,0.09103641456582633,0.013636363636363636,0.9797979797979798,0.9797979797979798,0.01075268817204301,0.16496153078315712,0.0056154134437224725,0.08614232209737828,0.08424908424908424,0.84915611814346,0.7352941176470589
73,0.7096571813079181,0.7116087914015221,0.9102864302394107,0.8346638945761037,0.9326940002005091,0.27605135794718894,0.9495619854013907,1.0,0.08244680851063829,0.26005361930294907,0.016216216216216217,0.16666666666666666,0.8079545454545454,0.34297520661157027,0.0032967032967032967,0.0,0.9797979797979798,0.19669864029119233,0.6288515406162464,0.0027272727272727275,0.9797979797979798,0.9797979797979798,0.01075268817204301,0.12985324013190647,0.049568281787343446,0.12359550561797752,0.12454212454212453,0.6983122362869199,0.6372549019607844
74,0.7094522475823837,0.8540929229104444,0.930312674497598,0.8606821543211267,0.6555531405765302,-0.2941628936195757,0.6794802975606471,1.0,0.3776595744680851,1.0,0.11351351351351352,1.0,0.821590909090909,0.4049586776859504,0.0,0.0,1.0,2.212707579629814e-05,0.872549019607843,0.0,1.0,1.0,0.01075268817204301,0.10519284219072689,0.036758360433779065,0.07116104868913857,0.07326007326007326,0.8417721518987341,0.7647058823529412
75,0.7088888022006802,0.9087409591936112,0.8416766329843869,0.9596071493115523,0.8156872274407554,0.00040516066808341786,0.6692236254744024,1.0,0.3004959746981024,0.20866241576697342,0.1485025566106647,0.34740990990990994,0.8160336239103363,0.31829503000113213,0.03260575041396959,0.008186985578012269,0.8172233281722333,0.020182848454840533,0.5924176567178595,0.035653798256537986,0.8444029334440295,0.8459941884599418,0.07880394756223302,0.12985324013190647,0.049568281787343446,0.1682810280253132,0.16463306808134395,0.7378274595513462,0.6445196783749471
76,0.7062635017310951,0.8848667052129048,0.8355450586055841,0.9427205712149304,0.5552268359460091,-0.5366982258061807,0.9191375229419126,1.0,0.3537234042553192,0.3002680965147453,0.5891891891891892,0.576388888888889,0.9204545454545454,0.1487603305785124,0.0,0.0,0.9696969696969697,1.106353789814907e-05,0.9313725490196078,0.0,1.0,1.0,0.01075268817204301,0.00332051884865605,0.000708403715304267,0.029962546816479405,0.02564102564102564,0.9124472573839663,0.8431372549019608
77,0.7056744090588286,0.9549363621109361,0.8679547426439829,0.9995719648528167,0.7998310778274367,0.240750082904378,0.4495659353358627,1.0,0.3004959746981024,0.20866241576697342,0.1485025566106647,0.34740990990990994,0.8160336239103363,0.31829503000113213,0.03260575041396959,0.008186985578012269,0.8172233281722333,0.020182848454840533,0.5924176567178595,0.035653798256537986,0.8444029334440295,0.8459941884599418,0.07880394756223302,0.12985324013190647,0.049568281787343446,0.1682810280253132,0.16463306808134395,0.7378274595513462,0.6445196783749471
78,0.7049445008874354,0.8795001281989285,0.8973540752030204,0.9142020457530085,0.7331694197858327,-0.2292608861252404,0.9795957885996396,1.0,0.6117021276595744,0.23324396782841822,0.6864864864864865,0.7083333333333333,0.8863636363636364,0.1962809917355372,0.0,0.0,0.9494949494949495,0.0022790888070187082,0.892156862745098,0.0,0.9494949494949495,0.9494949494949495,0.01075268817204301,0.20475276793555094,0.00016409843995970083,0.056179775280898875,0.05128205128205128,0.8681434599156118,0.7500000000000001
79,0.702908293218179,0.8549549265967525,0.8474081415259032,0.8111495262431854,0.7929830717744689,-0.15170313646570185,0.7148244512361275,1.0,0.0,0.0,0.0,0.0,0.8261363636363637,0.28512396694214875,0.001098901098901099,0.0,0.9797979797979798,0.0009072101076482238,0.9075630252100839,0.0018181818181818182,0.9797979797979798,0.9797979797979798,0.01075268817204301,0.12985324013190647,0.049568281787343446,0.21722846441947566,0.20146520146520147,0.758438818565401,0.6568627450980393
80,0.6987334721026106,0.8219761641192838,0.9614976337375694,0.8112079352594146,0.7111309413032753,0.17496016749768192,0.9229637872155988,1.0,0.2047872340425532,0.5067024128686327,0.021621621621621623,0.3402777777777778,0.7818181818181817,0.45867768595041325,0.001098901098901099,0.0,1.0,0.22524256806841692,0.738095238095238,0.0009090909090909091,1.0,1.0,0.01075268817204301,0.06974143063658601,0.011531037476440239,0.08239700374531836,0.08424908424908424,0.7732067510548524,0.7254901960784315
81,0.68952580754675,0.896236575098361,0.8377294686378924,0.8736739005299556,0.9175677791771241,0.20462665234303132,0.8970881047799795,1.0,0.034574468085106384,0.010723860589812333,0.0,0.020833333333333332,0.8522727272727273,0.25413223140495866,0.004395604395604396,0.0,1.0,0.014581742949760475,0.06442577030812324,0.0036363636363636364,1.0,1.0,0.01075268817204301,0.17051983218716704,0.014421771485888017,0.2808988764044944,0.2673992673992674,0.830168776371308,0.6421568627450981
82,0.6855814451477937,0.7693468820521381,0.872077235126502,0.8847484784048498,0.9636869462422634,-0.16860959922024457,0.8512546801980473,1.0,0.29521276595744683,0.005361930294906166,0.002702702702702703,0.1388888888888889,0.8160336239103363,0.31829503000113213,0.03260575041396959,0.008186985578012269,0.8172233281722333,0.020182848454840533,0.5924176567178595,0.035653798256537986,0.8444029334440295,0.8459941884599418,0.07880394756223302,0.12985324013190647,0.049568281787343446,0.1682810280253132,0.16463306808134395,0.7378274595513462,0.6445196783749471
83,0.6768860536919955,0.8182702977170511,0.8293886552995269,0.809272687925666,0.8929395808186363,0.9267342041819492,0.9366292415283238,1.0,0.013297872340425532,0.002680965147453083,0.0,0.006944444444444445,0.7852272727272727,0.36363636363636365,0.12527472527472527,0.0,0.7878787878787878,0.1670483587241528,0.3837535014005602,0.12363636363636364,0.08080808080808081,0.7878787878787878,0.03225806451612903,0.058990416156499956,1.0,0.05243445692883895,0.04395604395604395,0.7236286919831223,0.6323529411764707
84,0.6701883990976713,0.7183469119394441,0.6751505384015393,0.6445419309013353,0.7465751113307793,-0.0784626017667002,0.8452164601019458,1.0,0.09840425531914894,0.002680965147453083,0.01891891891891892,0.2777777777777778,0.6056818181818181,0.8202479338842975,0.06263736263736264,0.0,0.8383838383838383,0.0007191299633796896,0.39215686274509803,0.07181818181818182,0.8181818181818182,0.8383838383838383,0.2043010752688172,0.12985324013190647,0.049568281787343446,0.20599250936329588,0.20146520146520147,0.7378274595513462,0.6445196783749471
85,0.6679729049934435,0.6702064204701653,0.4808513105778937,0.7071513857906071,0.7540348754889286,-0.00630897117100071,0.79151810406959,1.0,0.09042553191489362,0.010723860589812333,0.03513513513513514,0.0763888888888889,0.6818181818181818,0.5144628099173554,0.027472527472527472,0.0,0.8282828282828283,0.0006084945843981989,0.35994397759103636,0.035454545454545454,0.7878787878787878,0.8282828282828283,0.1075268817204301,0.013861840668220762,0.006104505350093722,0.25842696629213485,0.24908424908424906,0.5073839662447257,0.5245098039215687
86,0.6656165343043777,0.8312722285638295,0.9368928121749437,0.9192159873244665,0.8758609529456773,0.06792927338987084,0.8809578357764876,1.0,0.0,0.0,0.0,0.0,0.8920454545454546,0.12603305785123967,0.0,0.0,1.0,0.0,0.3837535014005602,0.0,1.0,1.0,0.01075268817204301,0.14845506342287754,0.00019043460494143073,0.5093632958801498,0.4981684981684981,0.739451476793249,0.6225490196078431
87,0.6652067280670827,0.7455440865304783,0.6568668077518816,0.7541800231134106,0.737497336866649,-0.22058504815927205,0.8035389255930905,1.0,0.20212765957446807,0.002680965147453083,0.024324324324324326,0.11805555555555555,0.7352272727272727,0.5516528925619835,0.007692307692307693,0.0,0.08080808080808081,0.015035348003584586,0.3837535014005602,0.00909090909090909,0.08080808080808081,0.08080808080808081,0.30107526881720426,0.12985324013190647,0.049568281787343446,0.2808988764044944,0.26007326007326004,0.6223628691983122,0.5441176470588236
88,0.6652067280670827,0.7455440865304783,0.6568668077518816,0.7541800231134106,0.737497336866649,-0.22058504815927205,0.8035389255930905,1.0,0.20212765957446807,0.002680965147453083,0.024324324324324326,0.11805555555555555,0.6795454545454546,0.5330578512396694,0.25934065934065936,0.0,0.8181818181818182,0.05553896024870833,0.3025210084033613,0.28,0.7878787878787878,0.8181818181818182,0.11827956989247312,0.12985324013190647,0.049568281787343446,0.3558052434456929,0.34065934065934067,0.7378274595513462,0.6445196783749471
89,0.6614161269839576,0.8460393929785168,0.8406010623235047,0.8529230857259174,0.8070006434761152,-0.42851918770785774,0.5905796659077124,1.0,0.05585106382978723,0.12332439678284182,0.013513513513513514,0.09027777777777778,0.8261363636363637,0.24380165289256198,0.005494505494505495,0.0,0.9696969696969697,0.0,0.7352941176470588,0.005454545454545455,0.98989898989899,0.9696969696969697,0.01075268817204301,0.0009780641670320198,0.0373770608237933,0.1048689138576779,0.10622710622710622,0.79957805907173,0.6225490196078431
90,0.6607758009443387,0.8305699662102098,0.8417132648859863,0.8789114456917947,0.7577870417136272,-0.03545341072533072,0.9592825512819896,1.0,0.28191489361702127,0.07238605898123325,0.23243243243243245,0.2708333333333333,0.8602272727272727,0.024793388429752067,0.0,0.0,0.9292929292929293,1.106353789814907e-05,0.08823529411764705,0.0,0.9292929292929293,0.9191919191919192,0.01075268817204301,0.12985324013190647,0.049568281787343446,0.07865168539325844,0.07692307692307693,0.7869198312236287,0.6323529411764707
91,0.6592646288066525,0.7292706225859464,0.7475365148773249,0.7447991591919204,0.8151774992763166,0.1679630818742173,0.9063469767098408,1.0,0.08244680851063829,0.00804289544235925,0.02702702702702703,0.125,0.7090909090909091,0.5144628099173554,0.04065934065934066,0.0,0.8888888888888888,0.0002544613716574286,0.4005602240896358,0.04727272727272727,0.8888888888888888,0.8888888888888888,0.07526881720430106,0.024067344865033955,0.10684302463855337,0.23220973782771537,0.22344322344322343,0.6065400843881856,0.5588235294117647
92,0.6578815709503587,0.6921297981207446,0.8059269175341531,0.8304085257287798,0.8180170093785084,0.2749754390329161,0.7889171446343011,1.0,0.013297872340425532,0.0160857908847185,0.0,0.01388888888888889,0.7863636363636364,0.3409090909090909,0.01868131868131868,0.0,0.9191919191919192,0.01769059709914036,0.26750700280112044,0.019090909090909092,0.09090909090909091,0.9191919191919192,0.01075268817204301,0.01315132884402412,0.11100111347477234,0.5880149812734082,0.5897435897435898,0.5854430379746837,0.5980392156862745
93,0.6571900725010366,0.8846128513094959,0.8477883944948333,0.8710784717390012,0.6244426958461939,-0.30507832964156195,0.7997106240916667,1.0,0.1356382978723404,0.058981233243967826,0.01891891891891892,0.09722222222222221,0.8613636363636363,0.03305785123966942,0.016483516483516484,0.0,0.9797979797979798,0.003783729961166982,0.9257703081232491,0.016363636363636365,0.9797979797979798,0.9797979797979798,0.01075268817204301,0.035002159408052715,0.3031872922422199,0.18352059925093636,0.1758241758241758,0.8059071729957806,0.7107843137254902
94,0.6561783499461934,0.8461128507073483,0.8195193660174328,0.902149215287904,0.9215586084270957,-0.3235908684117078,0.8058818668219955,1.0,0.21010638297872342,0.514745308310992,0.021621621621621623,0.3472222222222222,0.8647727272727272,0.1756198347107438,0.17252747252747253,0.0,1.0,0.46866252890349275,0.4607843137254901,0.16636363636363635,1.0,1.0,0.01075268817204301,0.01536948722966987,0.0005311468766913912,0.1348314606741573,0.10622710622710622,0.7742616033755275,0.661764705882353
95,0.6555636710690752,0.8513059441488767,0.9838885091043408,0.8099999701983921,0.8476498676639496,0.3347308596047931,0.9445338625787346,1.0,0.05053191489361702,0.1903485254691689,0.08648648648648649,0.1527777777777778,0.7534090909090909,0.44421487603305787,0.006593406593406593,0.0,1.0,0.0,0.6806722689075629,0.006363636363636364,1.0,1.0,0.01075268817204301,0.11374305409329548,0.021557322781906422,0.12359550561797752,0.12087912087912087,0.7257383966244726,0.5294117647058825
96,0.6533097671147143,0.8618980124162453,0.9622136220244552,0.8697915849529262,0.7642867722218244,-0.25667501661128594,1.0,1.0,0.6143617021276596,0.675603217158177,0.25405405405405407,0.7152777777777778,0.8465909090909091,0.2830578512396694,0.0,0.0,0.9292929292929293,0.0,0.9201680672268907,0.0009090909090909091,0.9191919191919192,0.9191919191919192,0.01075268817204301,0.12365932435629448,0.027804199913718554,0.07116104868913857,0.06593406593406594,0.8354430379746837,0.7352941176470589
97,0.6524517447899909,0.7807669735806178,0.6080301402575019,0.8579727880550715,0.7918706932147549,-0.42873672619870984,0.871887095308197,1.0,0.031914893617021274,0.0160857908847185,0.02702702702702703,0.034722222222222224,0.8443181818181817,0.1962809917355372,0.01868131868131868,0.0,1.0,0.0001880801442685342,0.819327731092437,0.01818181818181818,1.0,1.0,0.01075268817204301,0.05034597119393085,0.0134927699480055,0.23970037453183524,0.2271062271062271,0.6803797468354431,0.5931372549019608
98,0.6511839162279723,0.7090100376067336,0.7185885578519381,0.6862213207403425,0.7826187512345921,-0.002669067401042576,0.9099509608393833,1.0,0.39095744680851063,0.002680965147453083,0.010810810810810811,0.40277777777777773,0.6511363636363636,0.737603305785124,0.04945054945054945,0.0,0.8484848484848485,0.02001394005775167,0.40616246498599434,0.06181818181818182,0.8383838383838383,0.8484848484848485,0.3763440860215054,0.02200411805007327,0.08845032191071352,0.2097378277153558,0.20146520146520147,0.5421940928270043,0.5098039215686275
99,0.647124324534741,0.7840401724308663,0.9135487347970733,0.8659033091845136,0.639261050633661,-0.30158973931477573,0.8946683324890471,1.0,0.8856382978723404,0.2680965147453083,0.008108108108108109,0.5347222222222222,0.8420454545454544,0.3243801652892562,0.00989010989010989,0.0,0.8787878787878788,0.0,0.8697478991596638,0.00909090909090909,0.8787878787878788,0.8787878787878788,0.01075268817204301,0.12985324013190647,0.049568281787343446,0.05992509363295881,0.054945054945054944,0.8111814345991561,0.7009803921568628
100,0.6409645291172686,0.8329605065322611,0.8242640980926649,0.8580891096327655,0.47857621603855494,-0.21600310423356273,0.7861231487856647,1.0,0.06648936170212766,0.0,0.03783783783783784,0.048611111111111105,0.859090909090909,0.03925619834710744,0.023076923076923078,0.0,0.9595959595959596,0.0006970028875833914,0.8333333333333333,0.02181818181818182,0.9595959595959596,0.9595959595959596,0.01075268817204301,0.07307590260247111,0.1544437622417508,0.2247191011235955,0.21245421245421245,0.7837552742616034,0.7058823529411765
101,0.6378526640519578,0.7090392708032477,0.7424218646176353,0.7759843368008889,0.7083051255865196,-0.09334495203310701,0.8644698441186551,1.0,0.023936170212765957,0.002680965147453083,0.01891891891891892,0.020833333333333332,0.7579545454545454,0.3884297520661157,0.020879120879120878,0.0,0.898989898989899,0.000641685198092646,0.34033613445378147,0.023636363636363636,0.8585858585858586,0.898989898989899,0.03225806451612903,0.001745675599889265,0.058013911592054566,0.3558052434456929,0.34065934065934067,0.5179324894514769,0.46568627450980393
102,0.633818658435516,0.6769021487685825,0.6541432057585842,0.7091738494067678,0.7249724511262544,0.13613941910356084,0.8142438508437149,1.0,0.023936170212765957,0.0,0.005405405405405406,0.01388888888888889,0.6704545454545454,0.5867768595041323,0.02857142857142857,0.0,0.5454545454545454,0.002688439709250224,0.32633053221288516,0.03636363636363636,0.42424242424242425,0.5454545454545454,0.05376344086021505,0.009804502948945379,0.005002798377312631,0.27340823970037453,0.2673992673992674,0.43670886075949367,0.4313725490196079
103,0.6287345816278715,0.5975336368495536,0.6334813902101321,0.6965742783745936,0.7792549642219001,0.02472214561563484,0.7722762518734786,1.0,0.007978723404255319,0.005361930294906166,0.002702702702702703,0.006944444444444445,0.7022727272727273,0.045454545454545456,0.05384615384615385,0.0,0.6565656565656566,0.08511179705046079,0.2703081232492997,0.07909090909090909,0.6565656565656566,0.6565656565656566,0.04301075268817204,0.006347824196048761,0.07707159183346164,0.3595505617977528,0.3443223443223443,0.37025316455696206,0.26470588235294124
104,0.6260452853594262,0.7683892667575929,0.7566689626516053,0.7644065270919976,0.9304772533529696,0.19864211077808494,0.6783768672529612,1.0,0.16489361702127658,0.0,0.3324324324324324,0.4305555555555556,0.7465909090909091,0.40082644628099173,0.008791208791208791,0.0,0.898989898989899,0.0006195581222963479,0.30392156862745096,0.01,0.898989898989899,0.898989898989899,0.02150537634408602,0.12985324013190647,0.049568281787343446,0.32958801498127344,0.326007326007326,0.6139240506329114,0.5294117647058825
105,0.6252897297694077,0.8224777919382266,0.6885107256082035,0.894583850243529,0.8020469077501274,-0.07546318142582076,0.9580140531539288,1.0,0.23670212765957446,0.353887399463807,0.14594594594594595,0.3402777777777778,0.884090909090909,0.15289256198347106,0.0,1.0,1.0,0.0,0.8123249299719887,0.0,1.0,1.0,0.01075268817204301,0.06991902835139178,0.0001118405782493731,0.0449438202247191,0.047619047619047616,0.8037974683544304,0.696078431372549
106,0.6208972124967969,0.7204716052719776,0.7931720308462773,0.8011236791767452,0.9843143512289618,0.09258875045513446,0.8794165383180235,1.0,0.15159574468085107,0.1742627345844504,0.002702702702702703,0.1527777777777778,0.7806818181818183,0.359504132231405,0.01098901098901099,0.0,0.898989898989899,0.0,0.27450980392156865,0.01090909090909091,0.8787878787878788,0.898989898989899,0.02150537634408602,0.020567630901196426,0.06010810346907875,0.07116104868913857,0.06959706959706959,0.5886075949367088,0.5343137254901962
107,0.6188994145496114,0.7237179862406311,0.7051548647087349,0.8398335937845741,0.9237197233722655,-0.06004438687001265,0.7074113397018988,1.0,0.0,0.0,0.0,0.0,0.8159090909090909,0.2665289256198347,0.1010989010989011,0.0,0.9797979797979798,0.002655249095555777,0.25630252100840334,0.10272727272727272,0.9797979797979798,0.9797979797979798,0.01075268817204301,0.002142329271725683,0.006247570494590738,0.6704119850187266,0.6703296703296704,0.6065400843881856,0.5
108,0.6184511985902452,0.8454115045438002,0.8083630364594452,0.7774971118067047,0.7229031568713308,-0.39642570914638964,0.9076148378034147,1.0,0.9228723404255319,0.26273458445040215,0.15945945945945947,0.6180555555555556,0.75,0.4731404958677686,0.002197802197802198,0.0,0.08080808080808081,0.00029871552325002487,0.5084033613445378,0.0027272727272727275,0.797979797979798,0.08080808080808081,0.2903225806451613,0.13065271250501526,0.0007482701383064679,0.22846441947565543,0.21611721611721613,0.7320675105485233,0.6176470588235294
109,0.6165046341384746,0.8212062739959042,0.874688498535836,0.7357114829917576,0.7788016012945814,-0.19579877500891363,0.9014934141627202,1.0,0.598404255319149,0.2037533512064343,0.21891891891891893,0.5694444444444444,0.7147727272727272,0.6776859504132231,0.046153846153846156,0.0,0.7575757575757576,0.0001880801442685342,0.7156862745098039,0.04727272727272727,0.7575757575757576,0.7575757575757576,0.3870967741935484,0.10202166135735859,0.021350835008078817,0.16479400749063672,0.19413919413919412,0.7014767932489452,0.6372549019607844
110,0.6127524429054827,0.8437136487168478,0.7671266113265857,0.7799476105700487,0.6494193523139075,-0.12407566786551542,0.878874379215905,1.0,0.023936170212765957,0.00804289544235925,0.0,0.01388888888888889,0.7829545454545456,0.3760330578512397,0.035164835164835165,0.0,0.5656565656565656,0.015854049808047617,0.8277310924369747,0.034545454545454546,0.6363636363636364,0.5858585858585859,0.01075268817204301,0.08795549755011405,0.1398952331940357,0.19850187265917602,0.1868131868131868,0.6845991561181435,0.4950980392156863
111,0.6110492219013173,0.8175692014076441,0.8457616389166948,0.8737315149321206,0.565495972712218,-0.10918352207091421,0.9643764211941455,1.0,0.05319148936170213,0.14745308310991956,0.08378378378378379,0.13194444444444445,0.8511363636363637,0.2024793388429752,0.001098901098901099,0.0,0.8181818181818182,0.00043147797802781373,0.9257703081232491,0.0009090909090909091,0.7575757575757576,0.8181818181818182,0.01075268817204301,0.014970241689965712,0.02266590915298249,0.18352059925093636,0.1794871794871795,0.8048523206751055,0.6519607843137256
112,0.6106906490313746,0.652235892005348,0.7314721127603967,0.7016437484049235,0.6826306349498628,-0.03403199789546679,0.7907297760300792,1.0,0.06648936170212766,0.01876675603217158,0.01891891891891892,0.2986111111111111,0.6806818181818182,0.05371900826446281,0.041758241758241756,0.0,0.9191919191919192,0.001095290251916758,0.27170868347338933,0.05545454545454546,0.9191919191919192,0.9191919191919192,0.06451612903225806,0.010884959613637474,0.007017389108524999,0.299625468164794,0.2747252747252747,0.4208860759493671,0.3774509803921569
113,0.6083726880643797,0.6394217697308902,0.7111832738688049,0.7162595746995933,0.7519636868713703,0.6121290438199316,0.7382736062500163,1.0,0.02127659574468085,0.0,0.002702702702702703,0.16666666666666666,0.6943181818181818,0.5413223140495868,0.0032967032967032967,0.0,0.9797979797979798,0.000785511190768584,0.38235294117647056,0.004545454545454545,0.9696969696969697,0.9797979797979798,0.18279569892473116,0.12985324013190647,0.049568281787343446,0.27340823970037453,0.26373626373626374,0.4746835443037975,0.43627450980392163
114,0.605644981945801,0.6663230313469757,0.7504789253830161,0.6734882432179581,0.7298128461204124,-0.07913282493305375,0.8971160092419638,1.0,0.013297872340425532,0.002680965147453083,0.002702702702702703,0.041666666666666664,0.6613636363636364,0.5495867768595041,0.05714285714285714,0.0,0.6464646464646465,0.00237866064810205,0.3333333333333333,0.07636363636363637,0.6666666666666666,0.6464646464646465,0.16129032258064516,0.01290307205094729,0.006766271703082938,0.28838951310861427,0.2747252747252747,0.4620253164556962,0.411764705882353
115,0.6049790697013305,0.7490056768004918,0.7563762203653723,0.6492048717934353,0.7790562817867025,0.06018900289723972,0.9212142265093969,1.0,0.11170212765957446,0.013404825737265416,0.005405405405405406,0.6319444444444444,0.6193181818181818,0.7107438016528925,0.5307692307692308,0.0,0.494949494949495,0.1374423313087059,0.35574229691876746,0.6790909090909091,0.494949494949495,0.494949494949495,0.3978494623655914,0.04694875304422887,0.7018138405150101,0.3670411985018727,0.35531135531135527,0.5537974683544304,0.4901960784313726
116,0.5989216800609137,0.7947541704797841,0.7771653570112053,0.8690973315695867,0.7302761126566116,-0.24752723644652497,0.8268031995176801,1.0,0.05585106382978723,0.47989276139410186,0.02972972972972973,0.2638888888888889,0.85,0.24380165289256198,0.001098901098901099,0.0,0.9494949494949495,0.0003650967506389193,0.76890756302521,0.0009090909090909091,0.9696969696969697,0.9494949494949495,0.01075268817204301,0.006536270512104352,0.0011298908139940735,0.07865168539325844,0.08058608058608059,0.7816455696202532,0.6225490196078431
117,0.5983838207559997,0.8057251039956295,0.6453807982614203,0.8397312785329393,0.8221980236113606,-0.40830224665147846,0.711794860581267,1.0,0.13829787234042554,0.2680965147453083,0.4027027027027027,0.375,0.8454545454545456,0.2665289256198347,0.001098901098901099,0.0,0.9494949494949495,0.00476838483410225,0.7871148459383753,0.0009090909090909091,0.9191919191919192,0.9494949494949495,0.01075268817204301,0.06656687977291441,0.0001439831723100283,0.10112359550561799,0.10256410256410256,0.8101265822784811,0.6813725490196079
118,0.5983582346792105,0.8570424746267465,0.7127437934925341,0.8594038102546928,0.6644867014286621,0.21027050679291165,0.7638385184657395,1.0,0.0,0.0,0.0,0.0,0.8579545454545454,0.17148760330578514,0.01978021978021978,0.0,0.98989898989899,0.006804075807361678,0.8361344537815126,0.019090909090909092,0.98989898989899,0.98989898989899,0.01075268817204301,0.12985324013190647,0.049568281787343446,0.31835205992509363,0.315018315018315,0.8164556962025317,0.7254901960784315
119,0.5933638009609893,0.7882499985658057,0.8230109359646207,0.8697365532092198,0.7703069141110013,-0.2899512053206598,0.7485628974947561,1.0,0.015957446808510637,0.05630026809651475,0.002702702702702703,0.034722222222222224,0.8420454545454544,0.23140495867768596,0.004395604395604396,0.0,1.0,0.0,0.918767507002801,0.0036363636363636364,1.0,1.0,0.01075268817204301,0.008787872543420486,0.003547894729231628,0.149812734082397,0.14652014652014653,0.7816455696202532,0.6421568627450981
120,0.5921087960442523,0.617373422392155,0.7426865984375406,0.7057628790239282,0.886619031169492,0.057745580446561855,0.7300448372554904,1.0,0.125,0.04825737265415549,0.013513513513513514,0.09027777777777778,0.6545454545454545,0.7334710743801653,0.06593406593406594,0.0,0.08080808080808081,0.0008740194939537765,0.3165266106442577,0.07363636363636364,0.08080808080808081,0.08080808080808081,0.4193548387096774,0.009341672363896306,0.0010911399690937608,0.1348314606741573,0.1282051282051282,0.43670886075949367,0.44607843137254904
121,0.5869094898142705,0.7012487562387918,0.7209130707492197,0.7824654587017966,0.8510247808519869,0.5255937960189839,0.888747717937517,1.0,0.15425531914893617,0.058981233243967826,0.005405405405405406,0.125,0.7204545454545455,0.5144628099173554,0.05934065934065934,0.0,0.898989898989899,0.0010510361003241617,0.30812324929971985,0.06818181818181818,0.8383838383838383,0.898989898989899,0.30107526881720426,0.02387032195535612,0.18297130609556175,0.29213483146067415,0.27838827838827834,0.580168776371308,0.5441176470588236
122,0.5853855552450764,0.8037200083562194,0.8688903325325504,0.7356525772603629,0.787202509835414,-0.330512500643924,0.9100719439493534,1.0,1.0,0.00804289544235925,0.002702702702702703,0.4722222222222222,0.7477272727272727,0.512396694214876,0.002197802197802198,0.0,0.9292929292929293,0.0023454700344076027,0.5,0.0027272727272727275,0.9292929292929293,0.9292929292929293,0.22580645161290322,0.08377192577008827,0.009395495612479744,0.30711610486891383,0.2967032967032967,0.6719409282700423,0.5735294117647058
123,0.5840536696704238,0.7869131016283256,0.901720326191858,0.8411839558211643,0.6800852977237959,-0.05517334109260926,0.9840223766443935,1.0,0.5478723404255319,0.6353887399463807,0.12162162162162163,0.6180555555555556,0.8102272727272727,0.40289256198347106,0.004395604395604396,0.0,0.2222222222222222,0.0011616714793056524,0.8585434173669466,0.004545454545454545,0.5151515151515151,0.23232323232323232,0.02150537634408602,0.03756848506657687,0.01749067261469153,0.08614232209737828,0.0879120879120879,0.7890295358649789,0.7500000000000001
124,0.583695096800481,0.6160664665567006,0.7277138503808187,0.7303771855277348,0.7541232130955215,0.07539849205726956,0.9153372530956003,1.0,0.05053191489361702,0.4075067024128686,0.005405405405405406,0.2152777777777778,0.6977272727272728,0.5351239669421488,0.008791208791208791,0.0,0.5252525252525253,0.011727350172038015,0.38235294117647056,0.01,0.5252525252525253,0.5252525252525253,0.0967741935483871,0.007999152483086918,0.017429439772210106,0.24344569288389514,0.23443223443223443,0.45042194092827015,0.4852941176470589
125,0.583042008201292,0.732639682898573,0.8467443175839933,0.8104985333004362,0.6623518737137745,-0.2890841869250895,0.8809459865074962,1.0,0.3004959746981024,0.20866241576697342,0.1485025566106647,0.34740990990990994,0.8160336239103363,0.31829503000113213,0.03260575041396959,0.008186985578012269,0.8172233281722333,0.020182848454840533,0.5924176567178595,0.035653798256537986,0.8444029334440295,0.8459941884599418,0.07880394756223302,0.12985324013190647,0.049568281787343446,0.1682810280253132,0.16463306808134395,0.7378274595513462,0.6445196783749471
126,0.5675720813651919,0.6550169158371076,0.7848758593035224,0.7253239567162072,0.7504772973325416,0.17744572748543058,0.8943470512001217,1.0,0.1196808510638298,0.024128686327077747,0.0,0.576388888888889,0.7079545454545454,0.6012396694214877,0.07252747252747253,0.0,0.7878787878787878,0.005288371115315256,0.2591036414565826,0.08454545454545455,0.8282828282828283,0.7878787878787878,0.3333333333333333,0.012269541097462078,0.0016055299330463722,0.2097378277153558,0.20512820512820512,0.5147679324894515,0.4901960784313726
127,0.5663810723753774,0.6521851296084473,0.6488230171247286,0.6278341559421904,0.6023655208786065,0.03180999504805015,0.858030770071839,1.0,0.0398936170212766,0.002680965147453083,0.002702702702702703,0.02777777777777778,0.6034090909090909,0.7355371900826446,0.05054945054945055,0.0,0.46464646464646464,0.004624558841426311,0.26750700280112044,0.07,0.5252525252525253,0.46464646464646464,0.30107526881720426,0.013743385508784112,0.0005787564963105179,0.31835205992509363,0.3076923076923077,0.4156118143459916,0.35784313725490197
128,0.5624751809122658,0.8134863854509022,0.7066174773059707,0.8710139039755234,0.6085771318557092,-0.3859955548635031,0.927323672619123,1.0,0.1356382978723404,0.00804289544235925,0.05405405405405406,0.09027777777777778,0.8556818181818181,0.002066115702479339,0.0032967032967032967,0.0,0.98989898989899,0.0001770166063703851,0.8571428571428571,0.0027272727272727275,0.98989898989899,0.98989898989899,0.01075268817204301,0.06770325084379483,0.043668921318443035,0.24344569288389514,0.23443223443223443,0.7626582278481012,0.7156862745098039
129,0.5602212770859671,0.7190768250509068,0.8113716150302817,0.7422757483711223,0.5656652499623906,-0.18907606405646185,0.7976008556553166,1.0,0.0,0.0,0.0,0.0,0.7170454545454545,0.05165289256198347,0.008791208791208791,0.0,0.7373737373737373,1.106353789814907e-05,0.053221288515406154,0.01090909090909091,0.6767676767676768,0.7373737373737373,0.0967741935483871,0.02048039980897963,0.016200444563296553,0.29213483146067415,0.2747252747252747,0.5411392405063291,0.4166666666666667
130,0.5541255386811287,0.8200359478540801,0.8468244903952968,0.8749486685075997,0.859113115455497,0.14470274226525243,0.918143863509692,1.0,0.0425531914893617,0.27882037533512066,0.0,0.1527777777777778,0.8160336239103363,0.31829503000113213,0.03260575041396959,0.008186985578012269,0.8172233281722333,0.020182848454840533,0.5924176567178595,0.035653798256537986,0.8444029334440295,0.8459941884599418,0.07880394756223302,0.12985324013190647,0.049568281787343446,0.1682810280253132,0.16463306808134395,0.7378274595513462,0.6445196783749471
131,0.5520765073665908,0.5846164489122038,0.689627574873641,0.6887610225165595,0.7187640186168319,0.149176075685887,0.8651308817654683,1.0,0.20212765957446807,0.002680965147453083,0.024324324324324326,0.11805555555555555,0.7352272727272727,0.5516528925619835,0.007692307692307693,0.0,0.08080808080808081,0.015035348003584586,0.3837535014005602,0.00909090909090909,0.08080808080808081,0.08080808080808081,0.30107526881720426,0.12985324013190647,0.049568281787343446,0.2808988764044944,0.26007326007326004,0.6223628691983122,0.5441176470588236
132,0.5520765073665908,0.5846164489122038,0.689627574873641,0.6887610225165595,0.7187640186168319,0.149176075685887,0.8651308817654683,1.0,0.20212765957446807,0.002680965147453083,0.024324324324324326,0.11805555555555555,0.6795454545454546,0.5330578512396694,0.25934065934065936,0.0,0.8181818181818182,0.05553896024870833,0.3025210084033613,0.28,0.7878787878787878,0.8181818181818182,0.11827956989247312,0.12985324013190647,0.049568281787343446,0.3558052434456929,0.34065934065934067,0.7378274595513462,0.6445196783749471
133,0.5517051720651402,0.8001859597739391,0.7903090595699479,0.6664737412812247,0.6634087424226367,-0.3552955436956735,0.7570271341023788,1.0,0.2393617021276596,0.005361930294906166,0.005405405405405406,0.3263888888888889,0.6693181818181818,0.7706611570247934,0.002197802197802198,0.0,0.09090909090909091,0.0,0.45238095238095233,0.0027272727272727275,0.8484848484848485,0.09090909090909091,0.7634408602150536,0.055467404796016216,0.0005109618854103507,0.149812734082397,0.15018315018315018,0.5706751054852321,0.5588235294117647
134,0.5516923484198587,0.7580756215006268,0.8047927618908256,0.7676848353353077,0.9180276221169642,1.0,0.6895410024473657,1.0,0.013297872340425532,0.002680965147453083,0.0,0.006944444444444445,0.7568181818181817,0.41115702479338845,0.04285714285714286,0.0,0.898989898989899,6.638122738889442e-05,0.3333333333333333,0.045454545454545456,0.898989898989899,0.898989898989899,0.03225806451612903,0.021122876945448527,0.0203115357984384,0.4794007490636705,0.47619047619047616,0.5822784810126583,0.44607843137254904
135,0.5492079246631739,0.6841191602239355,0.6419226180914464,0.7466873714404235,0.5616550411877924,0.16053894725018533,0.8343683196653077,1.0,0.0026595744680851063,0.00804289544235925,0.002702702702702703,0.006944444444444445,0.7215909090909091,0.4690082644628099,0.001098901098901099,0.0,0.9191919191919192,0.0,0.33893557422969184,0.0018181818181818182,0.9292929292929293,0.9191919191919192,0.08602150537634408,0.012866311840321297,0.0030113791329248996,0.250936329588015,0.23809523809523808,0.5253164556962026,0.5441176470588236
136,0.5362224215837584,0.6425566731350129,0.5656405397022467,0.712456180717416,0.6664921729961578,0.004758420389960548,0.8099032688677557,1.0,0.09574468085106383,0.005361930294906166,0.051351351351351354,0.09027777777777778,0.6806818181818182,0.5929752066115702,0.014285714285714285,0.0,0.8888888888888888,0.00022127075796298142,0.34033613445378147,0.01818181818181818,0.8888888888888888,0.8888888888888888,0.1075268817204301,0.009745280063823022,0.0028729312422384767,0.24344569288389514,0.2271062271062271,0.510548523206751,0.5882352941176471
137,0.5360943686442018,0.6558025468587141,0.7626249657350543,0.7634908060585885,0.7597914117405331,0.07736778561622572,0.8055814174158631,1.0,0.05319148936170213,0.00804289544235925,0.0,0.048611111111111105,0.7363636363636363,0.46487603305785125,0.14945054945054945,0.0,0.7777777777777778,0.19632248000265526,0.24649859943977592,0.17636363636363636,0.7575757575757576,0.7777777777777778,0.06451612903225806,0.011413150952411695,0.03868628469120099,0.05243445692883895,0.04395604395604395,0.46518987341772156,0.411764705882353
138,0.5334562446573974,0.6359172874257581,0.6855614656017538,0.7695560116207439,0.5718719696479906,-0.021088636049714754,0.873769361200233,1.0,0.06914893617021277,0.040214477211796246,0.010810810810810811,0.05555555555555556,0.7443181818181818,0.045454545454545456,0.03076923076923077,0.0,0.696969696969697,3.319061369444721e-05,0.0350140056022409,0.034545454545454546,0.7171717171717171,0.696969696969697,0.03225806451612903,0.0007401299329072745,0.009387465774267195,0.26591760299625467,0.26007326007326004,0.5390295358649789,0.5049019607843138
139,0.5316377942308947,0.813623389882079,0.7545611785875628,0.8043810774693001,0.7265185064214011,-0.3511520531054323,0.8419617247854517,1.0,0.015957446808510637,0.010723860589812333,0.002702702702702703,0.01388888888888889,0.8977272727272727,0.3285123966942149,0.056043956043956046,0.0,0.9393939393939394,0.06009713786274575,0.8557422969187675,0.05454545454545454,0.9393939393939394,0.9393939393939394,0.01075268817204301,0.12985324013190647,0.049568281787343446,0.1048689138576779,0.10256410256410256,0.7257383966244726,0.6421568627450981
140,0.502823761094674,0.6347922268897284,0.6526745377758667,0.6622670466140919,0.733657873037367,0.15813525982811544,0.9206331420349054,1.0,0.06648936170212766,0.00804289544235925,0.005405405405405406,0.4652777777777778,0.5795454545454546,0.8533057851239669,0.024175824175824177,0.0,0.8686868686868687,0.006715567504176486,0.3417366946778711,0.02727272727272727,0.8686868686868687,0.8686868686868687,0.05376344086021505,0.010388906288855295,0.002803374172878729,0.27715355805243447,0.2673992673992674,0.45464135021097046,0.46568627450980393
141,0.4834735596072006,0.5670092945644464,0.503068661496827,0.6952710508964827,0.6424117274909688,-0.031305018803793425,0.6487218751157999,1.0,0.23404255319148937,0.0,0.0,0.4375,0.6772727272727272,0.5950413223140496,0.023076923076923078,0.0,0.9494949494949495,9.957184108334163e-05,0.26190476190476186,0.028181818181818183,0.9494949494949495,0.9494949494949495,0.07526881720430106,0.0005955545525171596,0.00046454144105955624,0.27340823970037453,0.26373626373626374,0.42827004219409287,0.5196078431372549
142,0.48143735193794424,0.7182734542106126,0.7169860250157228,0.7200010330529676,0.8271813481124717,0.13918697879366956,0.8564583199168188,1.0,0.0851063829787234,0.05093833780160858,0.010810810810810811,0.1736111111111111,0.7022727272727273,0.06818181818181818,0.02967032967032967,0.0,0.09090909090909091,9.957184108334163e-05,0.32773109243697474,0.03636363636363636,0.09090909090909091,0.09090909090909091,0.4408602150537634,0.023232320280663778,0.0006259129123257524,0.23595505617977527,0.22344322344322343,0.6075949367088609,0.6127450980392157
143,0.47649415171513787,0.647239185490765,0.6086655884291191,0.7238972556130233,0.5516166217904774,0.7143932398527219,0.7319133406373755,1.0,0.0026595744680851063,0.8739946380697051,0.002702702702702703,0.4097222222222222,0.7215909090909091,0.049586776859504134,0.015384615384615385,0.0,0.06060606060606061,0.0,0.6988795518207283,0.016363636363636365,0.5656565656565656,0.06060606060606061,0.05376344086021505,0.014402885961053179,0.0006629981371433848,0.14606741573033707,0.14285714285714285,0.5168776371308017,0.44607843137254904
144,0.4677859366140581,0.6951978233175311,0.8007797947311734,0.6250099086375209,0.757053627988754,-0.25992759570768803,0.9164233541413201,1.0,0.21808510638297873,0.0777479892761394,0.0,0.19444444444444442,0.6102272727272727,1.0,0.004395604395604396,0.0,0.9393939393939394,0.0,0.4565826330532213,0.005454545454545455,0.09090909090909091,0.9393939393939394,1.0,0.003073659487385202,0.00842356368534991,0.20599250936329588,0.19413919413919412,0.5221518987341772,0.5245098039215687
145,0.4576049593534876,0.7728644401737679,0.6075914849321202,0.784005153456167,0.9040477684369186,0.1026490147491154,0.8251976844937942,1.0,0.023936170212765957,0.30563002680965146,0.0,0.1527777777777778,0.7761363636363636,0.3739669421487603,1.0,0.0,0.8787878787878788,1.0,0.26190476190476186,1.0,0.8686868686868687,0.8787878787878788,0.02150537634408602,0.028524555714577314,0.005405123097981461,1.0,1.0,0.6487341772151899,0.5686274509803921
146,0.45308438901325787,0.6167516553402324,0.5581453596126201,0.7498626691610678,0.8238202513613883,0.03822838469467768,0.7820782373883384,1.0,0.02127659574468085,0.029490616621983913,0.002702702702702703,0.10416666666666666,0.6625,0.7541322314049587,0.02857142857142857,0.0,0.8888888888888888,0.0,0.27450980392156865,0.034545454545454546,0.8888888888888888,0.8888888888888888,0.5161290322580645,0.006412544804923323,0.00680722271590642,0.23970037453183524,0.2271062271062271,0.4989451476793249,0.5294117647058825
147,0.4517269172337537,0.6776612533323161,0.8392388632432289,0.7385924507414949,0.6153040330592803,-0.28133683910982993,0.8553873815745007,1.0,0.015957446808510637,0.0,0.0,0.006944444444444445,0.7465909090909091,0.4628099173553719,0.04065934065934066,0.0,0.696969696969697,0.005177735736333765,0.5784313725490196,0.042727272727272725,0.6363636363636364,0.696969696969697,0.01075268817204301,0.12985324013190647,0.049568281787343446,0.5093632958801498,0.4908424908424908,0.5263713080168777,0.44117647058823534
148,0.4455158884489287,0.848089629252985,0.7993701416201793,0.7671997322377414,0.8423894267299283,-0.4466034806822035,0.831491310527344,1.0,0.4601063829787234,0.0938337801608579,0.0945945945945946,0.375,0.7465909090909091,0.5289256198347108,0.002197802197802198,0.0,0.9595959595959596,0.0,0.5308123249299719,0.0018181818181818182,0.9696969696969697,0.9595959595959596,0.23655913978494625,0.11551094932199389,0.0008878026188141713,0.23970037453183524,0.22344322344322343,0.7362869198312236,0.6176470588235294
149,0.44517013922426757,0.695824587452278,0.7068376924489126,0.7486021558019654,0.8426065102263234,0.19560501011516707,0.6624725082075668,1.0,0.09574468085106383,0.0160857908847185,0.002702702702702703,0.3958333333333333,0.7022727272727273,0.5764462809917356,0.09340659340659341,0.0,0.98989898989899,0.0003319061369444721,0.3333333333333333,0.10818181818181818,0.9696969696969697,0.98989898989899,0.15053763440860213,0.12985324013190647,0.049568281787343446,0.250936329588015,0.23809523809523808,0.7378274595513462,0.6445196783749471
150,0.44513169889530985,0.578582214736154,0.32776221179596976,0.5885065754402988,0.6573147511599909,0.14698706942834594,0.9532073810479639,1.0,0.04521276595744681,0.005361930294906166,0.002702702702702703,0.125,0.5965909090909091,0.8202479338842975,0.016483516483516484,0.0,0.47474747474747475,0.0016595306847223606,0.3179271708683473,0.019090909090909092,0.47474747474747475,0.47474747474747475,0.4731182795698925,0.006160112977688754,0.0001760947780900755,0.30711610486891383,0.30036630036630035,0.36603375527426163,0.3480392156862745
151,0.42418071265955143,0.6637251104284349,0.5548910659749575,0.795510448609937,0.9236832268914866,0.09896114642267435,0.19617795426274304,1.0,0.11436170212765957,0.005361930294906166,0.0,0.4722222222222222,0.7511363636363636,0.4690082644628099,0.012087912087912088,0.0,0.98989898989899,1.106353789814907e-05,0.299719887955182,0.013636363636363636,1.0,0.98989898989899,0.04301075268817204,0.0012615890654609435,0.04504748146371114,0.21348314606741575,0.2087912087912088,0.520042194092827,0.5294117647058825
152,0.42250310833906235,0.6869208804671649,0.7829245672484189,0.7241398817667317,0.7297018284699947,-0.12853322713259002,0.8660216526461487,1.0,0.1702127659574468,0.04825737265415549,0.010810810810810811,0.3263888888888889,0.7613636363636364,0.6942148760330579,0.024175824175824177,0.0,0.8787878787878788,0.0,0.4453781512605042,0.02909090909090909,0.8888888888888888,0.8787878787878788,0.6666666666666666,0.00209875546420027,0.06111450985838499,0.2097378277153558,0.20146520146520147,0.5348101265822786,0.5049019607843138
153,0.3607002514298768,0.6484644800676405,0.568097267663149,0.6640228947521646,0.46288665341380003,0.029462473172746865,0.8159784401706313,1.0,0.3004959746981024,0.20866241576697342,0.1485025566106647,0.34740990990990994,0.6511363636363636,0.6859504132231405,0.02857142857142857,0.0,0.31313131313131315,0.009713786274574884,0.5924176567178595,0.035454545454545454,0.41414141414141414,0.31313131313131315,0.3655913978494623,0.01341586062899919,0.04602587057381267,0.1682810280253132,0.16463306808134395,0.4440928270042194,0.24019607843137258
154,0.328723089254106,0.6517394694664584,0.4825911945773097,0.6847247869533288,0.4067423315923617,-0.17199142506738946,0.9979706956461807,1.0,0.0,0.0,0.0,0.0,0.7386363636363636,0.5433884297520661,0.06813186813186813,0.19529989438979148,0.6565656565656566,0.012767322734464027,0.26750700280112044,0.07545454545454545,0.06060606060606061,0.6565656565656566,0.01075268817204301,0.010330926295805204,0.13067949285029287,0.6441947565543071,0.6336996336996337,0.5052742616033755,0.4950980392156863
